# Created by FreeCAD <https://www.freecad.org>
v 0.000000 0.000000 0.000000
v -0.000000 5.773503 -10.000000
v 1.439192 5.909106 -10.000000
v 1.648590 0.137221 0.000000
v 2.869840 6.116257 -10.000000
v 3.288572 0.354331 0.000000
v 4.288387 6.394441 -10.000000
v 4.916077 0.650819 0.000000
v 5.691310 6.742966 -10.000000
v 6.527266 1.025984 0.000000
v 7.075123 7.160967 -10.000000
v 8.118337 1.478941 0.000000
v 8.436388 7.647406 -10.000000
v 9.685536 2.008623 0.000000
v 9.771722 8.201072 -10.000000
v 11.225168 2.613778 0.000000
v 11.077806 8.820591 -10.000000
v 12.733599 3.292980 0.000000
v 12.351398 9.504424 -10.000000
v 14.207270 4.044626 0.000000
v 13.589333 10.250871 -10.000000
v 15.642704 4.866943 0.000000
v 14.788532 11.058078 -10.000000
v 17.036516 5.757991 0.000000
v 15.946018 11.924039 -10.000000
v 18.385416 6.715668 0.000000
v 17.058916 12.846602 -10.000000
v 19.686224 7.737714 0.000000
v 18.124458 13.823476 -10.000000
v 20.935869 8.821718 0.000000
v 19.139999 14.852233 -10.000000
v 20.103014 15.930317 -10.000000
v 22.131405 9.965122 0.000000
v 21.011110 17.055048 -10.000000
v 23.270008 11.165231 0.000000
v 21.862034 18.223635 -10.000000
v 24.348995 12.419210 0.000000
v 22.653667 19.433170 -10.000000
v 25.365818 13.724104 0.000000
v 23.384047 20.680653 -10.000000
v 26.318081 15.076832 0.000000
v 24.051355 21.962980 -10.000000
v 27.203535 16.474205 0.000000
v 24.653936 23.276966 -10.000000
v 28.020092 17.912924 0.000000
v 25.190290 24.619347 -10.000000
v 28.765827 19.389595 0.000000
v 25.659088 25.986788 -10.000000
v 29.438976 20.900736 0.000000
v 26.059162 27.375889 -10.000000
v 30.037956 22.442780 0.000000
v 26.389519 28.783201 -10.000000
v 30.561352 24.012091 0.000000
v 26.649338 30.205227 -10.000000
v 31.007929 25.604965 0.000000
v 26.837975 31.638432 -10.000000
v 31.376633 27.217644 0.000000
v 26.954958 33.079258 -10.000000
v 31.666595 28.846325 0.000000
v 27.000000 34.524124 -10.000000
v 29.462433 33.730179 -5.000000
v 27.000000 41.035496 -10.000000
v 32.000000 36.000000 0.000000
v 31.853786 30.268894 0.000000
v 31.980894 31.698088 0.000000
v 32.047695 33.131367 0.000000
v 32.054066 34.566185 0.000000
v 28.250000 56.259361 -7.500000
v 27.000000 62.004814 -10.000000
v 28.250000 45.270870 -7.500000
v 29.500000 50.010078 -5.000000
v 30.750000 55.253120 -2.500000
v 32.000000 61.000000 0.000000
v 30.125000 40.824371 -3.750000
v 28.875000 58.817905 -6.250000
v 28.250000 64.295723 -7.500000
v 29.500000 63.632233 -5.000000
v 28.250000 62.600979 -7.500000
v 30.750000 65.098572 -2.500000
v 32.000000 67.000000 0.000000
v 30.750000 62.533661 -2.500000
v 27.625000 62.987110 -8.750000
v 27.000000 64.524124 -10.000000
v 30.125000 61.963646 -3.750000
v 30.125000 65.484703 -3.750000
v 27.764391 72.851929 -6.666667
v 28.317562 81.320824 -3.333333
v 26.936190 76.370415 -7.500000
v 26.134390 79.871254 -8.333333
v 22.219999 109.115959 -10.000000
v 25.057562 95.359474 -6.666667
v 26.634758 88.375427 -5.000000
v 26.095705 100.539154 -2.500000
v 25.319031 112.861618 0.000000
v 25.293907 104.040001 -3.333333
v 22.177862 109.440056 -10.000000
v 22.121181 109.761925 -10.000000
v 22.050076 110.080925 -10.000000
v 24.928511 115.542343 0.000000
v 21.964689 110.396400 -10.000000
v 21.865192 110.707710 -10.000000
v 21.751787 111.014229 -10.000000
v 23.268599 113.518715 -5.000000
v 21.072392 113.778343 -8.333333
v 20.448473 113.142174 -10.000000
v 20.205112 113.405037 -10.000000
v 19.949083 113.655579 -10.000000
v 19.681011 113.893188 -10.000000
v 21.624287 113.828316 -7.500000
v 21.231041 113.599350 -8.333333
v 23.715595 116.261642 -1.666667
v 23.462175 115.855804 -2.500000
v 23.417841 115.910713 -2.500000
v 23.654776 116.333801 -1.666667
v 23.372402 115.964676 -2.500000
v 23.591913 116.404137 -1.666667
v 23.325884 116.017685 -2.500000
v 23.278303 116.069702 -2.500000
v 23.527067 116.472603 -1.666667
v 23.229687 116.120712 -2.500000
v 23.460293 116.539124 -1.666667
v 23.391653 116.603661 -1.666667
v 23.321211 116.666145 -1.666667
v 21.379164 112.654892 -9.166667
v 21.611784 111.343956 -10.000000
v 21.455692 111.666382 -10.000000
v 21.283888 111.980713 -10.000000
v 21.096790 112.286194 -10.000000
v 20.894855 112.582069 -10.000000
v 20.678574 112.867630 -10.000000
v 22.218403 112.925041 -7.500000
v 21.752970 113.282906 -7.916667
v 22.041103 113.239723 -7.500000
v 22.132463 113.083900 -7.500000
v 21.944456 113.392296 -7.500000
v 21.735888 113.686798 -7.500000
v 21.842665 113.541397 -7.500000
v 22.681137 113.393211 -6.250000
v 22.641220 113.474602 -6.250000
v 22.019609 114.408463 -6.250000
v 23.494368 114.553139 -3.750000
v 23.901110 115.133263 -2.500000
v 23.508877 114.521126 -3.750000
v 23.479557 114.585022 -3.750000
v 23.871473 115.197357 -2.500000
v 23.464447 114.616776 -3.750000
v 23.808275 115.323692 -2.500000
v 23.840525 115.260849 -2.500000
v 23.739937 115.447342 -2.500000
v 23.774742 115.385864 -2.500000
v 22.826742 115.549324 -3.750000
v 23.857664 115.671806 -2.083333
v 23.547451 115.743279 -2.500000
v 23.505386 115.799988 -2.500000
v 23.774315 116.187737 -1.666667
v 23.588352 115.685707 -2.500000
v 23.703880 115.508095 -2.500000
v 23.666584 115.568092 -2.500000
v 23.628069 115.627304 -2.500000
v 24.443213 115.348083 -1.250000
v 24.414263 115.971619 -0.833333
v 24.421976 115.415680 -1.250000
v 24.317596 116.161484 -0.833333
v 24.553757 116.611221 0.000000
v 24.622763 116.486603 0.000000
v 24.351265 116.098938 -0.833333
v 24.282503 116.223244 -0.833333
v 22.358570 113.960808 -6.250000
v 22.772823 114.529327 -5.000000
v 23.055426 114.040474 -5.000000
v 22.426987 114.974518 -5.000000
v 21.960133 114.476456 -6.250000
v 22.025919 115.366585 -5.000000
v 23.180607 115.107521 -3.750000
v 24.157761 115.552345 -1.666667
v 22.593534 116.222351 -3.125000
v 22.802710 115.574837 -3.750000
v 22.187981 116.095100 -3.750000
v 24.139368 115.823875 -1.458333
v 24.383493 116.035637 -0.833333
v 24.246006 116.284187 -0.833333
v 22.802534 116.492599 -2.500000
v 22.322861 116.786964 -2.500000
v 23.099714 116.840775 -1.666667
v 23.249029 116.726524 -1.666667
v 23.175175 116.784752 -1.666667
v 24.680580 115.834679 -0.416667
v 24.904591 115.682770 0.000000
v 24.873940 115.821884 0.000000
v 24.836630 115.959358 0.000000
v 24.792747 116.094879 0.000000
v 24.742395 116.228134 0.000000
v 24.685690 116.358810 0.000000
v 23.872036 116.427902 -1.250000
v 23.294485 116.981941 -1.250000
v 23.256435 117.009720 -1.250000
v 24.155329 116.797073 -0.416667
v 24.478836 116.732376 0.000000
v 24.398170 116.849785 0.000000
v 24.311949 116.963181 0.000000
v 24.220371 117.072289 0.000000
v 24.123650 117.176865 0.000000
v 23.570959 117.348228 -0.416667
v 23.804916 117.461037 0.000000
v 23.915682 117.371468 0.000000
v 23.689968 117.545174 0.000000
v 23.571106 117.623680 0.000000
v 23.448605 117.696373 0.000000
v 23.322744 117.763092 0.000000
v 23.094177 117.379829 -0.833333
v 23.031754 117.413040 -0.833333
v 22.684277 117.785904 -0.416667
v 22.840296 117.503906 -0.833333
v 22.430969 117.434578 -1.250000
v 22.513899 118.030190 0.000000
v 22.968611 117.444809 -0.833333
v 23.193821 117.823677 0.000000
v 23.062132 117.877983 0.000000
v 22.927982 117.925896 0.000000
v 22.791681 117.967293 0.000000
v 22.653547 118.002090 0.000000
v 22.904779 117.475098 -0.833333
v 21.050451 114.574310 -7.291667
v 21.341461 114.616478 -6.875000
v 21.496130 114.928162 -6.250000
v 20.978966 115.306267 -6.250000
v 21.758348 116.689568 -3.125000
v 23.600569 116.723434 -1.250000
v 23.740948 116.907791 -0.833333
v 24.013655 116.612488 -0.833333
v 22.781231 117.168831 -1.458333
v 23.432652 117.165031 -0.833333
v 22.858673 117.253166 -1.250000
v 23.881428 117.092209 -0.416667
v 24.022009 117.276672 0.000000
v 20.713787 115.281143 -6.562500
v 21.704967 116.370422 -3.750000
v 21.882648 115.896004 -4.375000
v 22.190117 116.485504 -3.125000
v 22.176302 115.461937 -4.687500
v 22.357117 115.756172 -4.062500
v 21.616789 116.661034 -3.281250
v 20.647429 115.274452 -6.640625
v 21.581398 116.653664 -3.320312
v 20.630838 115.272758 -6.660156
v 21.572552 116.651810 -3.330078
v 20.151615 116.360367 -5.000000
v 20.312239 116.298164 -5.000000
v 19.714167 115.742043 -6.666667
v 19.504120 115.835251 -6.666667
v 19.724091 114.865791 -8.333333
v 19.410299 114.110603 -10.000000
v 19.129505 114.314835 -10.000000
v 19.576912 114.954628 -8.333333
v 18.839270 114.505402 -10.000000
v 20.172064 115.062218 -7.500000
v 17.898777 115.716660 -8.333333
v 17.918644 114.990990 -10.000000
v 17.597471 115.122910 -10.000000
v 17.270357 115.239319 -10.000000
v 16.938053 115.339966 -10.000000
v 16.601318 115.424606 -10.000000
v 16.260921 115.493057 -10.000000
v 18.664129 118.709007 0.000000
v 21.558298 117.071724 -2.500000
v 18.760420 115.379288 -8.333333
v 18.540255 114.681885 -10.000000
v 18.233145 114.843872 -10.000000
v 20.631443 115.505142 -6.250000
v 20.471724 116.234222 -5.000000
v 20.630026 116.168579 -5.000000
v 20.865181 116.066971 -5.000000
v 21.567894 116.758377 -3.125000
v 20.627174 115.331009 -6.562500
v 21.569248 116.678116 -3.281250
v 20.625795 115.286926 -6.640625
v 21.569519 116.657928 -3.320312
v 20.625431 115.275879 -6.660156
v 21.569582 116.652878 -3.330078
v 20.625338 115.273109 -6.665039
v 8.731263 118.640594 -5.000000
v 0.000000 118.360298 -10.000000
v 0.000000 122.000000 0.000000
v 30.000000 31.750141 5.000000
v 29.739494 30.210552 5.000000
v 29.402576 28.685860 5.000000
v 28.990080 27.179855 5.000000
v 28.503035 25.696283 5.000000
v 27.942648 24.238831 5.000000
v 27.310316 22.811121 5.000000
v 26.607609 21.416702 5.000000
v 25.836273 20.059042 5.000000
v 24.998226 18.741516 5.000000
v 24.095551 17.467396 5.000000
v 23.130493 16.239853 5.000000
v 22.105452 15.061936 5.000000
v 21.022972 13.936574 5.000000
v 19.885746 12.866565 5.000000
v 18.696604 11.854568 5.000000
v 17.458496 10.903099 5.000000
v 16.174505 10.014524 5.000000
v 14.847821 9.191051 5.000000
v 13.481742 8.434726 5.000000
v 12.079662 7.747430 5.000000
v 10.645069 7.130873 5.000000
v 9.181529 6.586586 5.000000
v 7.692678 6.115922 5.000000
v 6.182219 5.720052 5.000000
v 4.653906 5.399959 5.000000
v 3.111538 5.156439 5.000000
v 1.558950 4.990098 5.000000
v 0.000000 4.901349 5.000000
v -1.439192 5.909106 -10.000000
v -1.648590 0.137221 0.000000
v -2.869840 6.116257 -10.000000
v -3.288572 0.354331 0.000000
v -4.288387 6.394441 -10.000000
v -4.916077 0.650819 0.000000
v -5.691310 6.742966 -10.000000
v -6.527266 1.025984 0.000000
v -7.075123 7.160967 -10.000000
v -8.118337 1.478941 0.000000
v -8.436388 7.647406 -10.000000
v -9.685536 2.008623 0.000000
v -9.771722 8.201072 -10.000000
v -11.225168 2.613778 0.000000
v -11.077806 8.820591 -10.000000
v -12.733599 3.292980 0.000000
v -12.351398 9.504424 -10.000000
v -14.207270 4.044626 0.000000
v -13.589333 10.250871 -10.000000
v -15.642704 4.866943 0.000000
v -14.788532 11.058078 -10.000000
v -17.036516 5.757991 0.000000
v -15.946018 11.924039 -10.000000
v -18.385416 6.715668 0.000000
v -17.058916 12.846602 -10.000000
v -19.686224 7.737714 0.000000
v -18.124458 13.823476 -10.000000
v -20.935869 8.821718 0.000000
v -19.139999 14.852233 -10.000000
v -20.103014 15.930317 -10.000000
v -22.131405 9.965122 0.000000
v -21.011110 17.055048 -10.000000
v -23.270008 11.165231 0.000000
v -21.862034 18.223635 -10.000000
v -24.348995 12.419210 0.000000
v -22.653667 19.433170 -10.000000
v -25.365818 13.724104 0.000000
v -23.384047 20.680653 -10.000000
v -26.318081 15.076832 0.000000
v -24.051355 21.962980 -10.000000
v -27.203535 16.474205 0.000000
v -24.653936 23.276966 -10.000000
v -28.020092 17.912924 0.000000
v -25.190290 24.619347 -10.000000
v -28.765827 19.389595 0.000000
v -25.659088 25.986788 -10.000000
v -29.438976 20.900736 0.000000
v -26.059162 27.375889 -10.000000
v -30.037956 22.442780 0.000000
v -26.389519 28.783201 -10.000000
v -30.561352 24.012091 0.000000
v -26.649338 30.205227 -10.000000
v -31.007929 25.604965 0.000000
v -26.837975 31.638432 -10.000000
v -31.376633 27.217644 0.000000
v -26.954958 33.079258 -10.000000
v -31.666595 28.846325 0.000000
v -27.000000 34.524124 -10.000000
v 30.000000 38.518539 5.000000
v 30.000000 61.936562 5.000000
v 31.000000 64.171677 2.500000
v 30.000000 66.750145 5.000000
v 27.706409 89.024315 2.500000
v 23.506607 109.485504 5.000000
v 23.774801 111.553421 3.750000
v 22.650578 115.119339 5.000000
v 23.404974 114.001205 3.750000
v 24.101183 113.252205 2.500000
v 24.739201 112.872337 1.250000
v 24.485752 114.581841 1.250000
v 23.589987 114.712166 3.125000
v 24.101084 111.317352 3.125000
v 22.063227 116.655411 2.500000
v 21.119120 115.389381 5.000000
v 22.757574 116.559212 2.222222
v 22.303726 116.580559 2.500000
v 22.350864 116.563210 2.500000
v 22.397638 116.545074 2.500000
v 22.208429 116.612907 2.500000
v 22.256241 116.597130 2.500000
v 22.444029 116.526176 2.500000
v 23.826159 116.782654 0.833333
v 24.335527 116.070587 0.833333
v 21.846258 115.593643 4.375000
v 22.444660 116.125359 3.125000
v 22.160311 116.627884 2.500000
v 22.111904 116.642059 2.500000
v 22.464642 116.115845 3.125000
v 22.484526 116.106209 3.125000
v 22.940931 115.971626 2.916667
v 22.661926 115.620651 3.750000
v 22.966505 115.545555 3.541667
v 22.825481 116.474655 2.291667
v 23.027731 116.493141 2.083333
v 23.005732 116.507637 2.083333
v 23.049566 116.478455 2.083333
v 23.092741 116.448509 2.083333
v 23.071238 116.463577 2.083333
v 23.114075 116.433266 2.083333
v 22.775272 116.919571 1.666667
v 23.386776 116.368912 1.875000
v 23.142254 116.412659 2.083333
v 23.170122 116.391724 2.083333
v 23.197674 116.370483 2.083333
v 23.396770 116.359962 1.875000
v 23.739531 116.169968 1.666667
v 23.406712 116.350975 1.875000
v 23.416603 116.341934 1.875000
v 23.426441 116.332863 1.875000
v 23.436228 116.323746 1.875000
v 23.449198 116.311516 1.875000
v 23.462072 116.299225 1.875000
v 23.500134 116.261894 1.875000
v 23.525032 116.236649 1.875000
v 23.549541 116.211128 1.875000
v 23.784615 116.113029 1.666667
v 23.672438 116.594414 1.250000
v 23.735043 116.870880 0.833333
v 23.687948 116.913506 0.833333
v 23.781120 116.827255 0.833333
v 23.590803 116.995644 0.833333
v 23.540806 117.035110 0.833333
v 23.639860 116.955101 0.833333
v 23.097082 117.593681 0.416667
v 23.158407 117.565010 0.416667
v 23.219034 117.534920 0.416667
v 23.278931 117.503448 0.416667
v 23.338062 117.470596 0.416667
v 23.396399 117.436394 0.416667
v 24.159386 115.938454 1.250000
v 23.869442 115.996201 1.666667
v 24.110788 115.554665 1.666667
v 24.110395 116.445221 0.833333
v 24.693340 115.711739 0.416667
v 24.362526 116.014626 0.833333
v 24.388193 115.958153 0.833333
v 24.412518 115.901192 0.833333
v 24.435484 115.843781 0.833333
v 22.250322 115.636963 4.062500
v 22.271610 115.306709 4.687500
v 22.661631 115.300179 4.375000
v 22.796129 115.171402 4.583333
v 22.653969 115.190758 4.687500
v 23.098194 115.326416 3.750000
v 23.252626 115.428848 3.333333
v 23.105001 116.662766 1.770833
v 23.528236 115.397583 2.916667
v 23.372675 115.302910 3.333333
v 23.237570 116.796509 1.458333
v 22.696703 117.484665 0.833333
v 23.561649 116.027390 2.083333
v 23.414806 115.856354 2.500000
v 23.844055 115.636314 2.083333
v 23.685705 115.508827 2.500000
v 23.548340 115.532585 2.708333
v 23.716398 115.925262 1.979167
v 23.827929 116.055084 1.666667
v 22.821362 117.831253 0.208333
v 23.942841 116.282646 1.250000
v 23.767839 117.331482 0.208333
v 24.525766 115.565941 0.833333
v 22.461815 115.196747 4.843750
v 22.722788 115.143227 4.791667
v 22.881979 115.323364 4.062500
v 22.945684 115.240501 4.166667
v 23.084402 115.237160 3.958333
v 23.009361 115.202553 4.166667
v 23.160313 115.275993 3.750000
v 23.265898 115.773643 2.812500
v 23.150322 116.179710 2.395833
v 22.997858 117.156853 1.145833
v 23.138512 117.294754 0.833333
v 23.819511 115.476120 2.291667
v 23.739992 115.420319 2.500000
v 23.926384 115.753433 1.822917
v 23.949221 115.434425 2.083333
v 24.155655 115.439865 1.666667
v 24.354431 115.765541 1.041667
v 21.786627 115.310616 4.921875
v 22.829370 115.158798 4.583333
v 22.866074 115.172890 4.479167
v 23.190485 115.250595 3.750000
v 23.228539 115.270035 3.645833
v 23.582508 115.321205 2.916667
v 23.400719 115.271004 3.333333
v 23.660948 115.368668 2.708333
v 23.765364 115.375687 2.500000
v 22.220493 115.209122 4.960938
v 22.739820 115.138535 4.791667
v 23.025032 115.193024 4.166667
v 23.115044 115.214905 3.958333
v 23.205347 115.237854 3.750000
v 23.777603 115.353287 2.500000
v 23.869081 115.380539 2.291667
v 24.165880 115.410988 1.666667
v 22.837648 115.155640 4.583333
v 22.882425 115.165779 4.479167
v 23.212723 115.231476 3.750000
v 23.257881 115.242958 3.645833
v 23.589014 115.311607 2.916667
v 23.595457 115.302002 2.916667
v 23.407604 115.263008 3.333333
v 23.783611 115.342072 2.500000
v 22.744074 115.137360 4.791667
v 23.122627 115.209328 3.958333
v 23.028934 115.190636 4.166667
v 23.216396 115.228287 3.750000
v 23.786587 115.336456 2.500000
v 23.880669 115.356491 2.291667
v 24.168375 115.403755 1.666667
v 22.839718 115.154854 4.583333
v 22.886505 115.163994 4.479167
v 23.218231 115.226692 3.750000
v 23.265116 115.236168 3.645833
v 23.409319 115.261009 3.333333
v 23.597057 115.299599 2.916667
v 23.598654 115.297195 2.916667
v 23.788069 115.333649 2.500000
v 22.745138 115.137062 4.791667
v 23.029909 115.190041 4.166667
v 23.124517 115.207932 3.958333
v 23.219147 115.225891 3.750000
v 23.788807 115.332245 2.500000
v 23.883514 115.350479 2.291667
v 24.168995 115.401947 1.666667
v 17.510809 116.025620 5.000000
v -16.260921 115.493057 -10.000000
v -8.731263 118.640594 -5.000000
v -18.664129 118.709007 0.000000
v 0.000000 119.113251 5.000000
v -29.462433 33.730179 -5.000000
v -27.000000 41.035496 -10.000000
v -32.000000 36.000000 0.000000
v -31.853786 30.268894 0.000000
v -31.980894 31.698088 0.000000
v -32.047695 33.131367 0.000000
v -32.054066 34.566185 0.000000
v -28.250000 56.259361 -7.500000
v -27.000000 62.004814 -10.000000
v -28.250000 45.270870 -7.500000
v -29.500000 50.010078 -5.000000
v -32.000000 61.000000 0.000000
v -30.750000 55.253120 -2.500000
v -30.125000 40.824371 -3.750000
v -28.875000 58.817905 -6.250000
v -29.500000 63.632233 -5.000000
v -28.250000 64.295723 -7.500000
v -28.250000 62.600979 -7.500000
v -32.000000 67.000000 0.000000
v -30.750000 65.098572 -2.500000
v -30.750000 62.533661 -2.500000
v -27.625000 62.987110 -8.750000
v -27.000000 64.524124 -10.000000
v -30.125000 61.963646 -3.750000
v -30.125000 65.484703 -3.750000
v -27.764391 72.851929 -6.666667
v -28.317562 81.320824 -3.333333
v -26.936190 76.370415 -7.500000
v -26.134390 79.871254 -8.333333
v -22.219999 109.115959 -10.000000
v -25.057562 95.359474 -6.666667
v -26.634758 88.375427 -5.000000
v -25.319031 112.861618 0.000000
v -26.095705 100.539154 -2.500000
v -25.293907 104.040001 -3.333333
v -22.177862 109.440056 -10.000000
v -22.121181 109.761925 -10.000000
v -22.050076 110.080925 -10.000000
v -24.928511 115.542343 0.000000
v -21.964689 110.396400 -10.000000
v -21.865192 110.707710 -10.000000
v -21.751787 111.014229 -10.000000
v -23.268599 113.518715 -5.000000
v -20.448473 113.142174 -10.000000
v -21.072392 113.778343 -8.333333
v -20.205112 113.405037 -10.000000
v -19.949083 113.655579 -10.000000
v -19.681011 113.893188 -10.000000
v -21.231041 113.599350 -8.333333
v -21.624287 113.828316 -7.500000
v -23.462175 115.855804 -2.500000
v -23.715595 116.261642 -1.666667
v -23.417841 115.910713 -2.500000
v -23.654776 116.333801 -1.666667
v -23.372402 115.964676 -2.500000
v -23.591913 116.404137 -1.666667
v -23.325884 116.017685 -2.500000
v -23.278303 116.069702 -2.500000
v -23.527067 116.472603 -1.666667
v -23.229687 116.120712 -2.500000
v -23.460293 116.539124 -1.666667
v -23.391653 116.603661 -1.666667
v -23.321211 116.666145 -1.666667
v -21.379164 112.654892 -9.166667
v -21.611784 111.343956 -10.000000
v -21.455692 111.666382 -10.000000
v -21.283888 111.980713 -10.000000
v -21.096790 112.286194 -10.000000
v -20.894855 112.582069 -10.000000
v -20.678574 112.867630 -10.000000
v -22.218403 112.925041 -7.500000
v -22.041103 113.239723 -7.500000
v -21.752970 113.282906 -7.916667
v -22.132463 113.083900 -7.500000
v -21.944456 113.392296 -7.500000
v -21.735888 113.686798 -7.500000
v -21.842665 113.541397 -7.500000
v -22.681137 113.393211 -6.250000
v -22.641220 113.474602 -6.250000
v -22.019609 114.408463 -6.250000
v -23.901110 115.133263 -2.500000
v -23.494368 114.553139 -3.750000
v -23.508877 114.521126 -3.750000
v -23.479557 114.585022 -3.750000
v -23.871473 115.197357 -2.500000
v -23.808275 115.323692 -2.500000
v -23.464447 114.616776 -3.750000
v -23.840525 115.260849 -2.500000
v -23.739937 115.447342 -2.500000
v -23.774742 115.385864 -2.500000
v -22.826742 115.549324 -3.750000
v -23.547451 115.743279 -2.500000
v -23.857664 115.671806 -2.083333
v -23.505386 115.799988 -2.500000
v -23.774315 116.187737 -1.666667
v -23.588352 115.685707 -2.500000
v -23.703880 115.508095 -2.500000
v -23.666584 115.568092 -2.500000
v -23.628069 115.627304 -2.500000
v -24.443213 115.348083 -1.250000
v -24.414263 115.971619 -0.833333
v -24.421976 115.415680 -1.250000
v -24.553757 116.611221 0.000000
v -24.317596 116.161484 -0.833333
v -24.622763 116.486603 0.000000
v -24.351265 116.098938 -0.833333
v -24.282503 116.223244 -0.833333
v -22.358570 113.960808 -6.250000
v -22.772823 114.529327 -5.000000
v -23.055426 114.040474 -5.000000
v -21.960133 114.476456 -6.250000
v -22.426987 114.974518 -5.000000
v -22.025919 115.366585 -5.000000
v -23.180607 115.107521 -3.750000
v -24.157761 115.552345 -1.666667
v -22.593534 116.222351 -3.125000
v -22.802710 115.574837 -3.750000
v -22.187981 116.095100 -3.750000
v -24.139368 115.823875 -1.458333
v -24.383493 116.035637 -0.833333
v -24.246006 116.284187 -0.833333
v -22.322861 116.786964 -2.500000
v -22.802534 116.492599 -2.500000
v -23.099714 116.840775 -1.666667
v -23.249029 116.726524 -1.666667
v -23.175175 116.784752 -1.666667
v -24.904591 115.682770 0.000000
v -24.680580 115.834679 -0.416667
v -24.873940 115.821884 0.000000
v -24.836630 115.959358 0.000000
v -24.792747 116.094879 0.000000
v -24.742395 116.228134 0.000000
v -24.685690 116.358810 0.000000
v -23.872036 116.427902 -1.250000
v -23.294485 116.981941 -1.250000
v -23.256435 117.009720 -1.250000
v -24.478836 116.732376 0.000000
v -24.155329 116.797073 -0.416667
v -24.398170 116.849785 0.000000
v -24.311949 116.963181 0.000000
v -24.220371 117.072289 0.000000
v -24.123650 117.176865 0.000000
v -23.804916 117.461037 0.000000
v -23.570959 117.348228 -0.416667
v -23.915682 117.371468 0.000000
v -23.689968 117.545174 0.000000
v -23.571106 117.623680 0.000000
v -23.448605 117.696373 0.000000
v -23.322744 117.763092 0.000000
v -23.094177 117.379829 -0.833333
v -23.031754 117.413040 -0.833333
v -22.840296 117.503906 -0.833333
v -22.684277 117.785904 -0.416667
v -22.430969 117.434578 -1.250000
v -22.513899 118.030190 0.000000
v -22.968611 117.444809 -0.833333
v -23.193821 117.823677 0.000000
v -23.062132 117.877983 0.000000
v -22.927982 117.925896 0.000000
v -22.791681 117.967293 0.000000
v -22.653547 118.002090 0.000000
v -22.904779 117.475098 -0.833333
v -21.050451 114.574310 -7.291667
v -21.341461 114.616478 -6.875000
v -21.496130 114.928162 -6.250000
v -20.978966 115.306267 -6.250000
v -21.758348 116.689568 -3.125000
v -23.600569 116.723434 -1.250000
v -23.740948 116.907791 -0.833333
v -24.013655 116.612488 -0.833333
v -22.781231 117.168831 -1.458333
v -23.432652 117.165031 -0.833333
v -22.858673 117.253166 -1.250000
v -23.881428 117.092209 -0.416667
v -24.022009 117.276672 0.000000
v -21.704967 116.370422 -3.750000
v -20.713787 115.281143 -6.562500
v -21.882648 115.896004 -4.375000
v -22.190117 116.485504 -3.125000
v -22.176302 115.461937 -4.687500
v -22.357117 115.756172 -4.062500
v -21.616789 116.661034 -3.281250
v -20.647429 115.274452 -6.640625
v -21.581398 116.653664 -3.320312
v -20.630838 115.272758 -6.660156
v -21.572552 116.651810 -3.330078
v -20.312239 116.298164 -5.000000
v -20.151615 116.360367 -5.000000
v -19.714167 115.742043 -6.666667
v -19.504120 115.835251 -6.666667
v -19.724091 114.865791 -8.333333
v -19.410299 114.110603 -10.000000
v -19.129505 114.314835 -10.000000
v -19.576912 114.954628 -8.333333
v -18.839270 114.505402 -10.000000
v -20.172064 115.062218 -7.500000
v -17.918644 114.990990 -10.000000
v -17.898777 115.716660 -8.333333
v -17.597471 115.122910 -10.000000
v -17.270357 115.239319 -10.000000
v -16.938053 115.339966 -10.000000
v -16.601318 115.424606 -10.000000
v -21.558298 117.071724 -2.500000
v -18.760420 115.379288 -8.333333
v -18.540255 114.681885 -10.000000
v -18.233145 114.843872 -10.000000
v -20.471724 116.234222 -5.000000
v -20.631443 115.505142 -6.250000
v -20.630026 116.168579 -5.000000
v -20.865181 116.066971 -5.000000
v -21.567894 116.758377 -3.125000
v -20.627174 115.331009 -6.562500
v -21.569248 116.678116 -3.281250
v -20.625795 115.286926 -6.640625
v -21.569519 116.657928 -3.320312
v -20.625431 115.275879 -6.660156
v -21.569582 116.652878 -3.330078
v -20.625338 115.273109 -6.665039
v -3.111538 5.156439 5.000000
v -1.558950 4.990098 5.000000
v -30.000000 38.518539 5.000000
v -30.000000 31.750141 5.000000
v -29.739494 30.210552 5.000000
v -29.402576 28.685860 5.000000
v -28.990080 27.179855 5.000000
v -28.503035 25.696283 5.000000
v -27.942648 24.238831 5.000000
v -27.310316 22.811121 5.000000
v -26.607609 21.416702 5.000000
v -25.836273 20.059042 5.000000
v -4.653906 5.399959 5.000000
v -6.182219 5.720052 5.000000
v -7.692678 6.115922 5.000000
v -9.181529 6.586586 5.000000
v -12.079662 7.747430 5.000000
v -10.645069 7.130873 5.000000
v -13.481742 8.434726 5.000000
v -16.174505 10.014524 5.000000
v -14.847821 9.191051 5.000000
v -17.458496 10.903099 5.000000
v -18.696604 11.854568 5.000000
v -21.022972 13.936574 5.000000
v -19.885746 12.866565 5.000000
v -22.105452 15.061936 5.000000
v -24.095551 17.467396 5.000000
v -23.130493 16.239853 5.000000
v -24.998226 18.741516 5.000000
v -30.000000 61.936562 5.000000
v -21.119120 115.389381 5.000000
v -22.650578 115.119339 5.000000
v -23.506607 109.485504 5.000000
v -30.000000 66.750145 5.000000
v -17.510809 116.025620 5.000000
v -31.000000 64.171677 2.500000
v -27.706409 89.024315 2.500000
v -23.774801 111.553421 3.750000
v -23.404974 114.001205 3.750000
v -24.101183 113.252205 2.500000
v -24.739201 112.872337 1.250000
v -24.485752 114.581841 1.250000
v -23.589987 114.712166 3.125000
v -24.101084 111.317352 3.125000
v -22.063227 116.655411 2.500000
v -22.303726 116.580559 2.500000
v -22.757574 116.559212 2.222222
v -22.350864 116.563210 2.500000
v -22.397638 116.545074 2.500000
v -22.208429 116.612907 2.500000
v -22.256241 116.597130 2.500000
v -22.444029 116.526176 2.500000
v -23.826159 116.782654 0.833333
v -24.335527 116.070587 0.833333
v -21.846258 115.593643 4.375000
v -22.444660 116.125359 3.125000
v -22.160311 116.627884 2.500000
v -22.111904 116.642059 2.500000
v -22.464642 116.115845 3.125000
v -22.484526 116.106209 3.125000
v -22.661926 115.620651 3.750000
v -22.940931 115.971626 2.916667
v -22.966505 115.545555 3.541667
v -23.027731 116.493141 2.083333
v -22.825481 116.474655 2.291667
v -23.005732 116.507637 2.083333
v -23.049566 116.478455 2.083333
v -23.092741 116.448509 2.083333
v -23.071238 116.463577 2.083333
v -23.114075 116.433266 2.083333
v -22.775272 116.919571 1.666667
v -23.386776 116.368912 1.875000
v -23.142254 116.412659 2.083333
v -23.170122 116.391724 2.083333
v -23.197674 116.370483 2.083333
v -23.396770 116.359962 1.875000
v -23.739531 116.169968 1.666667
v -23.406712 116.350975 1.875000
v -23.416603 116.341934 1.875000
v -23.426441 116.332863 1.875000
v -23.436228 116.323746 1.875000
v -23.449198 116.311516 1.875000
v -23.462072 116.299225 1.875000
v -23.500134 116.261894 1.875000
v -23.525032 116.236649 1.875000
v -23.784615 116.113029 1.666667
v -23.549541 116.211128 1.875000
v -23.672438 116.594414 1.250000
v -23.735043 116.870880 0.833333
v -23.687948 116.913506 0.833333
v -23.781120 116.827255 0.833333
v -23.590803 116.995644 0.833333
v -23.540806 117.035110 0.833333
v -23.639860 116.955101 0.833333
v -23.097082 117.593681 0.416667
v -23.158407 117.565010 0.416667
v -23.219034 117.534920 0.416667
v -23.278931 117.503448 0.416667
v -23.338062 117.470596 0.416667
v -23.396399 117.436394 0.416667
v -23.869442 115.996201 1.666667
v -24.159386 115.938454 1.250000
v -24.110788 115.554665 1.666667
v -24.110395 116.445221 0.833333
v -24.693340 115.711739 0.416667
v -24.362526 116.014626 0.833333
v -24.388193 115.958153 0.833333
v -24.412518 115.901192 0.833333
v -24.435484 115.843781 0.833333
v -22.250322 115.636963 4.062500
v -22.271610 115.306709 4.687500
v -22.661631 115.300179 4.375000
v -22.796129 115.171402 4.583333
v -22.653969 115.190758 4.687500
v -23.252626 115.428848 3.333333
v -23.098194 115.326416 3.750000
v -23.105001 116.662766 1.770833
v -23.528236 115.397583 2.916667
v -23.372675 115.302910 3.333333
v -23.237570 116.796509 1.458333
v -22.696703 117.484665 0.833333
v -23.561649 116.027390 2.083333
v -23.414806 115.856354 2.500000
v -23.844055 115.636314 2.083333
v -23.685705 115.508827 2.500000
v -23.548340 115.532585 2.708333
v -23.716398 115.925262 1.979167
v -23.827929 116.055084 1.666667
v -22.821362 117.831253 0.208333
v -23.942841 116.282646 1.250000
v -23.767839 117.331482 0.208333
v -24.525766 115.565941 0.833333
v -22.461815 115.196747 4.843750
v -22.722788 115.143227 4.791667
v -22.881979 115.323364 4.062500
v -22.945684 115.240501 4.166667
v -23.084402 115.237160 3.958333
v -23.009361 115.202553 4.166667
v -23.160313 115.275993 3.750000
v -23.265898 115.773643 2.812500
v -23.150322 116.179710 2.395833
v -22.997858 117.156853 1.145833
v -23.138512 117.294754 0.833333
v -23.819511 115.476120 2.291667
v -23.739992 115.420319 2.500000
v -23.926384 115.753433 1.822917
v -23.949221 115.434425 2.083333
v -24.155655 115.439865 1.666667
v -24.354431 115.765541 1.041667
v -21.786627 115.310616 4.921875
v -22.829370 115.158798 4.583333
v -22.866074 115.172890 4.479167
v -23.190485 115.250595 3.750000
v -23.228539 115.270035 3.645833
v -23.582508 115.321205 2.916667
v -23.400719 115.271004 3.333333
v -23.660948 115.368668 2.708333
v -23.765364 115.375687 2.500000
v -22.220493 115.209122 4.960938
v -22.739820 115.138535 4.791667
v -23.025032 115.193024 4.166667
v -23.115044 115.214905 3.958333
v -23.205347 115.237854 3.750000
v -23.777603 115.353287 2.500000
v -23.869081 115.380539 2.291667
v -24.165880 115.410988 1.666667
v -22.837648 115.155640 4.583333
v -22.882425 115.165779 4.479167
v -23.212723 115.231476 3.750000
v -23.257881 115.242958 3.645833
v -23.589014 115.311607 2.916667
v -23.595457 115.302002 2.916667
v -23.407604 115.263008 3.333333
v -23.783611 115.342072 2.500000
v -22.744074 115.137360 4.791667
v -23.122627 115.209328 3.958333
v -23.028934 115.190636 4.166667
v -23.216396 115.228287 3.750000
v -23.786587 115.336456 2.500000
v -23.880669 115.356491 2.291667
v -24.168375 115.403755 1.666667
v -22.839718 115.154854 4.583333
v -22.886505 115.163994 4.479167
v -23.218231 115.226692 3.750000
v -23.265116 115.236168 3.645833
v -23.409319 115.261009 3.333333
v -23.597057 115.299599 2.916667
v -23.598654 115.297195 2.916667
v -23.788069 115.333649 2.500000
v -22.745138 115.137062 4.791667
v -23.029909 115.190041 4.166667
v -23.124517 115.207932 3.958333
v -23.219147 115.225891 3.750000
v -23.788807 115.332245 2.500000
v -23.883514 115.350479 2.291667
v -24.168995 115.401947 1.666667
vn 0.081328 -0.863157 -0.498344
vn 0.124270 -0.858244 -0.497971
vn 0.071848 -0.863196 -0.499731
vn 0.166936 -0.851261 -0.497480
vn 0.113690 -0.858775 -0.499580
vn 0.209232 -0.842222 -0.496874
vn 0.155282 -0.852386 -0.499325
vn 0.251060 -0.831145 -0.496152
vn 0.196535 -0.844042 -0.498967
vn 0.292325 -0.818052 -0.495315
vn 0.237360 -0.833758 -0.498505
vn 0.332933 -0.802969 -0.494365
vn 0.277669 -0.821555 -0.497942
vn 0.317373 -0.807458 -0.497279
vn 0.372791 -0.785926 -0.493303
vn 0.356386 -0.791493 -0.496516
vn 0.411805 -0.766958 -0.492131
vn 0.449884 -0.746104 -0.490850
vn 0.394621 -0.773691 -0.495657
vn 0.486940 -0.723405 -0.489463
vn 0.431995 -0.754090 -0.494701
vn 0.522883 -0.698911 -0.487972
vn 0.468423 -0.732726 -0.493652
vn 0.557627 -0.672671 -0.486380
vn 0.503824 -0.709643 -0.492511
vn 0.591089 -0.644741 -0.484688
vn 0.538117 -0.684888 -0.491282
vn 0.623186 -0.615180 -0.482901
vn 0.657406 -0.587238 -0.472196
vn 0.571225 -0.658510 -0.489966
vn 0.686743 -0.554469 -0.470050
vn 0.600142 -0.627505 -0.496051
vn 0.714479 -0.520258 -0.467816
vn 0.630459 -0.598148 -0.494713
vn 0.740540 -0.484679 -0.465497
vn 0.659368 -0.567354 -0.493298
vn 0.764857 -0.447810 -0.463098
vn 0.686804 -0.535184 -0.491812
vn 0.787364 -0.409736 -0.460624
vn 0.712697 -0.501709 -0.490256
vn 0.808000 -0.370541 -0.458078
vn 0.736987 -0.466996 -0.488635
vn 0.826707 -0.330314 -0.455465
vn 0.759611 -0.431124 -0.486953
vn 0.843429 -0.289151 -0.452790
vn 0.780512 -0.394167 -0.485215
vn 0.858118 -0.247146 -0.450059
vn 0.799638 -0.356205 -0.483422
vn 0.816936 -0.317324 -0.481582
vn 0.870727 -0.204397 -0.447276
vn 0.881217 -0.161008 -0.444447
vn 0.832361 -0.277608 -0.479697
vn 0.889550 -0.117082 -0.441579
vn 0.845869 -0.237147 -0.477773
vn 0.895698 -0.072723 -0.438676
vn 0.857422 -0.196031 -0.475815
vn 0.899633 -0.028045 -0.435746
vn 0.866984 -0.154354 -0.473828
vn 0.897107 0.000000 -0.441813
vn 0.892989 -0.007007 -0.450023
vn 0.863389 -0.113610 -0.491581
vn 0.877283 -0.078023 -0.473590
vn 0.885504 -0.041271 -0.462795
vn 0.888086 -0.003943 -0.459660
vn 0.885039 0.033373 -0.464319
vn 0.892108 -0.056335 -0.448297
vn 0.894427 0.000000 -0.447214
vn 0.894427 0.000000 -0.447214
vn 0.894427 0.000000 -0.447214
vn 0.894427 0.000000 -0.447214
vn 0.894427 0.000000 -0.447214
vn 0.894427 0.000000 -0.447214
vn 0.894427 0.000000 -0.447214
vn 0.894427 0.000000 -0.447214
vn 0.894427 0.000000 -0.447214
vn 0.894427 0.000000 -0.447214
vn 0.894427 0.000000 -0.447214
vn 0.894427 0.000000 -0.447214
vn 0.894427 0.000000 -0.447214
vn 0.894427 0.000000 -0.447214
vn 0.894427 0.000000 -0.447214
vn 0.894427 0.000000 -0.447214
vn 0.894427 0.000000 -0.447214
vn 0.894427 0.000000 -0.447214
vn 0.894427 0.000000 -0.447214
vn 0.894427 0.000000 -0.447214
vn 0.894427 0.000000 -0.447214
vn 0.894427 0.000000 -0.447214
vn 0.894427 0.000000 -0.447214
vn 0.894427 0.000000 -0.447214
vn 0.894427 0.000000 -0.447214
vn 0.894427 0.000000 -0.447214
vn 0.894427 0.000000 -0.447214
vn 0.894427 0.000000 -0.447214
vn 0.894427 0.000000 -0.447214
vn 0.894427 0.000000 -0.447214
vn 0.894427 0.000000 -0.447214
vn 0.894427 0.000000 -0.447214
vn 0.878707 0.105676 -0.465518
vn 0.882545 0.121183 -0.454345
vn 0.885042 0.100682 -0.454493
vn 0.897126 0.109824 -0.427905
vn 0.901580 0.096644 -0.421679
vn 0.906202 0.107024 -0.409077
vn 0.890792 0.098419 -0.443625
vn 0.897979 0.113779 -0.425075
vn 0.926415 0.103368 -0.362035
vn 0.899799 0.105294 -0.423409
vn 0.917790 0.133701 -0.373879
vn 0.919227 0.117943 -0.375648
vn 0.883294 0.121750 -0.452735
vn 0.908559 0.122360 -0.399436
vn 0.933668 0.124260 -0.335891
vn 0.928005 0.129375 -0.349382
vn 0.931521 0.107995 -0.347284
vn 0.917908 0.120216 -0.378144
vn 0.934335 0.121477 -0.335054
vn 0.924041 0.162722 -0.345933
vn 0.912524 0.203404 -0.354861
vn 0.889792 0.240830 -0.387648
vn 0.872197 0.278760 -0.401952
vn 0.853640 0.315828 -0.414188
vn 0.929998 0.135479 -0.341685
vn 0.879343 0.261688 -0.397838
vn 0.647291 0.599267 -0.471055
vn 0.619498 0.633067 -0.464163
vn 0.592763 0.668756 -0.448773
vn 0.659748 0.584763 -0.472001
vn 0.683876 0.552175 -0.476882
vn 0.671504 0.565982 -0.478275
vn 0.671802 0.565684 -0.478209
vn 0.659745 0.578962 -0.479103
vn 0.646931 0.591754 -0.480944
vn 0.653912 0.584435 -0.480453
vn 0.634374 0.604605 -0.481686
vn 0.636383 0.602734 -0.481381
vn 0.618134 0.620491 -0.482599
vn 0.598847 0.636917 -0.485509
vn 0.578362 0.652016 -0.490278
vn 0.866634 0.367976 -0.336955
vn 0.825598 0.399686 -0.398294
vn 0.788490 0.430966 -0.438807
vn 0.756576 0.463379 -0.461381
vn 0.730016 0.498235 -0.467803
vn 0.708398 0.536536 -0.458586
vn 0.690846 0.579012 -0.432987
vn 0.784799 0.412962 -0.462117
vn 0.700843 0.538430 -0.467881
vn 0.636390 0.564060 -0.526160
vn 0.757747 0.444273 -0.477955
vn 0.746815 0.473070 -0.467410
vn 0.762872 0.412697 -0.497703
vn 0.682751 0.538418 -0.493920
vn 0.730463 0.498687 -0.466621
vn 0.701632 0.529660 -0.476626
vn 0.709000 0.520664 -0.475634
vn 0.701567 0.530165 -0.476160
vn 0.762003 0.457887 -0.457920
vn 0.810991 0.381874 -0.443244
vn 0.834803 0.347281 -0.427200
vn 0.784575 0.424438 -0.451989
vn 0.803918 0.394273 -0.445270
vn 0.692150 0.545830 -0.472227
vn 0.818564 0.370997 -0.438535
vn 0.814209 0.378220 -0.440470
vn 0.815019 0.376853 -0.440144
vn 0.794832 0.407886 -0.449301
vn 0.772341 0.437257 -0.460755
vn 0.783883 0.422796 -0.454722
vn 0.809710 0.385303 -0.442619
vn 0.805214 0.392496 -0.444496
vn 0.670831 0.564867 -0.480532
vn 0.659342 0.578609 -0.480082
vn 0.719585 0.533760 -0.444182
vn 0.667328 0.530205 -0.523026
vn 0.799909 0.410491 -0.437770
vn 0.774817 0.438659 -0.455233
vn 0.786927 0.424437 -0.447883
vn 0.726928 0.516441 -0.452620
vn 0.763611 0.453199 -0.459900
vn 0.743679 0.483737 -0.461454
vn 0.712806 0.551826 -0.432893
vn 0.734934 0.499788 -0.458349
vn 0.726384 0.504595 -0.466637
vn 0.813794 0.396678 -0.424718
vn 0.753224 0.468227 -0.461971
vn 0.828398 0.383039 -0.408703
vn 0.847947 0.319851 -0.422708
vn 0.845277 0.325648 -0.423628
vn 0.901633 0.203444 -0.381665
vn 0.891143 0.279966 -0.357048
vn 0.779533 0.431657 -0.453873
vn 0.785240 0.422696 -0.452466
vn 0.773583 0.439566 -0.456455
vn 0.768220 0.450413 -0.454936
vn 0.748501 0.474139 -0.463615
vn 0.770478 0.447908 -0.453587
vn 0.704574 0.533498 -0.467927
vn 0.768563 0.446795 -0.457913
vn 0.729718 0.498179 -0.468326
vn 0.711796 0.522717 -0.469162
vn 0.804059 0.394342 -0.444954
vn 0.818182 0.370824 -0.439394
vn 0.834149 0.340805 -0.433644
vn 0.770162 0.445224 -0.456756
vn 0.809720 0.385308 -0.442597
vn 0.814007 0.378127 -0.440923
vn 0.769978 0.445118 -0.457168
vn 0.836816 0.341895 -0.427605
vn 0.613540 0.627625 -0.479224
vn 0.661323 0.578491 -0.477493
vn 0.703489 0.532676 -0.470488
vn 0.694662 0.539634 -0.475647
vn 0.707089 0.524490 -0.474272
vn 0.719163 0.510924 -0.470916
vn 0.761854 0.452157 -0.463824
vn 0.741646 0.482414 -0.466088
vn 0.730682 0.496897 -0.468185
vn 0.694442 0.537609 -0.478254
vn 0.681355 0.550139 -0.482807
vn 0.769895 0.445296 -0.457135
vn 0.766921 0.443576 -0.463759
vn 0.752043 0.467493 -0.464631
vn 0.687608 0.550743 -0.473157
vn 0.694470 0.539484 -0.476096
vn 0.683942 0.547807 -0.481799
vn 0.851029 0.267363 -0.451958
vn 0.847238 0.321707 -0.422720
vn 0.791038 0.412998 -0.451321
vn 0.590406 0.649510 -0.479121
vn 0.659592 0.621326 -0.422956
vn 0.620476 0.567556 -0.541193
vn 0.560135 0.661839 -0.498215
vn 0.613963 0.585152 -0.529760
vn 0.745403 0.487558 -0.454601
vn 0.793415 0.403439 -0.455774
vn 0.826390 0.345007 -0.445028
vn 0.806527 0.387644 -0.446371
vn 0.796491 0.405517 -0.448507
vn 0.759671 0.454942 -0.464680
vn 0.834758 0.369653 -0.408089
vn 0.785316 0.422737 -0.452296
vn 0.773023 0.439248 -0.457709
vn 0.459721 0.749125 -0.476936
vn 0.571505 0.656435 -0.492417
vn 0.560028 0.669500 -0.487995
vn 0.541995 0.687454 -0.483373
vn 0.522738 0.704108 -0.480600
vn 0.576395 0.662052 -0.479016
vn 0.892595 0.152043 -0.424449
vn 0.891697 0.196468 -0.407770
vn 0.883420 0.239755 -0.402600
vn 0.868064 0.281083 -0.409216
vn 0.845766 0.319583 -0.427255
vn 0.816550 0.354333 -0.455735
vn 0.780512 0.384338 -0.493037
vn 0.826881 0.397427 -0.397894
vn 0.822627 0.418824 -0.384541
vn 0.830050 0.350737 -0.433590
vn 0.841424 0.326697 -0.430435
vn 0.898216 0.216737 -0.382405
vn 0.671604 0.566067 -0.478033
vn 0.688298 0.546865 -0.476639
vn 0.656261 0.586535 -0.474655
vn 0.745280 0.486941 -0.455463
vn 0.726440 0.488300 -0.483578
vn 0.564513 0.674862 -0.475276
vn 0.542737 0.688395 -0.481196
vn 0.516421 0.707367 -0.482639
vn 0.522358 0.703597 -0.481761
vn 0.736141 0.455221 -0.500869
vn 0.721578 0.495760 -0.483268
vn 0.700276 0.532463 -0.475496
vn 0.672783 0.564687 -0.478008
vn 0.639696 0.591650 -0.490652
vn 0.725839 0.502188 -0.470069
vn 0.783607 0.469276 -0.407112
vn 0.547778 0.677408 -0.490977
vn 0.517504 0.707016 -0.481994
vn 0.482532 0.730574 -0.483141
vn 0.443601 0.747553 -0.494351
vn 0.401496 0.757391 -0.514936
vn 0.424996 0.798833 -0.425728
vn 0.457689 0.751328 -0.475424
vn 0.314713 0.836612 -0.448371
vn 0.202996 0.878662 -0.432141
vn 0.413702 0.822262 -0.390815
vn 0.364352 0.775332 -0.515857
vn 0.334042 0.810033 -0.481936
vn 0.299251 0.837868 -0.456537
vn 0.260815 0.858740 -0.441069
vn 0.219784 0.872463 -0.436466
vn 0.176849 0.878916 -0.442981
vn 0.391369 0.824784 -0.408120
vn 0.369842 0.827835 -0.421788
vn 0.330452 0.823422 -0.461279
vn 0.615531 0.632419 -0.470285
vn 0.637473 0.618621 -0.459279
vn 0.630664 0.608377 -0.481811
vn 0.646109 0.565182 -0.512945
vn 0.617466 0.612722 -0.493262
vn 0.611987 0.628647 -0.479870
vn 0.616346 0.633125 -0.468263
vn 0.517439 0.707742 -0.480997
vn 0.520774 0.712303 -0.470552
vn 0.361385 0.814769 -0.453379
vn 0.568303 0.672896 -0.473543
vn 0.645993 0.593390 -0.480190
vn 0.649715 0.596809 -0.470840
vn 0.638302 0.604552 -0.476537
vn 0.618141 0.620498 -0.482580
vn 0.599475 0.637585 -0.483854
vn 0.581995 0.656112 -0.480415
vn 0.643649 0.594397 -0.482088
vn 0.720185 0.509703 -0.470677
vn 0.720217 0.509726 -0.470602
vn 0.459847 0.749178 -0.476731
vn 0.459699 0.749152 -0.476916
vn 0.350835 0.818734 -0.454521
vn 0.565443 0.669510 -0.481695
vn 0.561301 0.672706 -0.482088
vn 0.469674 0.740102 -0.481306
vn 0.516562 0.707560 -0.482205
vn 0.471208 0.742519 -0.476055
vn 0.560037 0.671191 -0.485655
vn 0.459464 0.750709 -0.474687
vn 0.344047 0.811141 -0.472951
vn 0.397208 0.789479 -0.467919
vn 0.414341 0.778805 -0.470940
vn 0.456569 0.745980 -0.484829
vn 0.378997 0.798710 -0.467359
vn 0.346749 0.817509 -0.459830
vn 0.360195 0.806242 -0.469290
vn 0.556049 0.674306 -0.485923
vn 0.613326 0.624589 -0.483446
vn 0.581868 0.652653 -0.485257
vn 0.552870 0.670452 -0.494802
vn 0.638355 0.592426 -0.491462
vn 0.644268 0.594969 -0.480551
vn 0.642094 0.595897 -0.482309
vn 0.467726 0.756143 -0.457690
vn 0.508184 0.709467 -0.488268
vn 0.446327 0.769327 -0.457087
vn 0.439596 0.771208 -0.460428
vn 0.527259 0.704139 -0.475590
vn 0.479757 0.735474 -0.478447
vn 0.434940 0.763041 -0.478117
vn 0.378046 0.799890 -0.466109
vn 0.463636 0.755503 -0.462878
vn 0.483726 0.741559 -0.464865
vn 0.534894 0.701216 -0.471364
vn 0.611320 0.625354 -0.484995
vn 0.612802 0.625114 -0.483432
vn 0.600011 0.642816 -0.476208
vn 0.613084 0.577516 -0.539077
vn 0.582806 0.688627 -0.431429
vn 0.523592 0.703874 -0.480014
vn 0.524381 0.701846 -0.482118
vn 0.326575 0.832324 -0.447867
vn 0.370198 0.819113 -0.438186
vn 0.374056 0.791447 -0.483419
vn 0.506386 0.708978 -0.490839
vn 0.326990 0.829509 -0.452760
vn 0.318178 0.836516 -0.446098
vn 0.527223 0.721942 -0.448147
vn 0.531633 0.721097 -0.444282
vn 0.506086 0.708841 -0.491346
vn 0.349627 0.825562 -0.442955
vn 0.303489 0.847030 -0.436389
vn 0.250856 0.867322 -0.429912
vn 0.448572 0.773772 -0.447281
vn 0.326265 0.829636 -0.453052
vn 0.316592 0.837306 -0.445745
vn 0.447476 0.774426 -0.447246
vn 0.491717 0.746542 -0.448207
vn 0.330451 0.853314 -0.403308
vn 0.370495 0.834919 -0.406994
vn 0.566450 0.705309 -0.426233
vn 0.530862 0.729873 -0.430663
vn 0.497068 0.757040 -0.424044
vn 0.468152 0.775603 -0.423408
vn 0.359450 0.810028 -0.463303
vn 0.503400 0.740550 -0.445168
vn 0.465944 0.771944 -0.432433
vn 0.352984 0.859376 -0.369966
vn 0.311693 0.875869 -0.368377
vn 0.270661 0.893635 -0.357994
vn 0.229384 0.912585 -0.338484
vn 0.187477 0.932297 -0.309314
vn 0.229533 0.909139 -0.347536
vn 0.357360 0.842008 -0.404124
vn 0.256336 0.901989 -0.347430
vn 0.158711 0.900098 -0.405751
vn 0.195642 0.908743 -0.368659
vn 0.467370 0.791863 -0.393088
vn 0.428322 0.812050 -0.396377
vn 0.389953 0.833622 -0.391168
vn 0.421827 0.811045 -0.405300
vn 0.338390 0.864243 -0.372259
vn 0.423464 0.807841 -0.409965
vn 0.421712 0.810824 -0.405863
vn 0.336456 0.859304 -0.385220
vn 0.343992 0.829555 -0.439896
vn 0.399899 0.816708 -0.416015
vn 0.333666 0.832235 -0.442778
vn 0.356640 0.825382 -0.437667
vn 0.256810 0.865535 -0.429997
vn 0.318571 0.849318 -0.420918
vn 0.408963 0.794760 -0.448448
vn 0.475920 0.765485 -0.433050
vn 0.291857 0.851808 -0.435020
vn 0.331521 0.840371 -0.428801
vn 0.408318 0.791908 -0.454047
vn 0.514387 0.742947 -0.428293
vn 0.334485 0.838153 -0.430836
vn 0.301236 0.847963 -0.436136
vn 0.408076 0.791357 -0.455223
vn 0.344863 0.831655 -0.435223
vn 0.335833 0.837639 -0.430786
vn 0.334927 0.837815 -0.431149
vn 0.326828 0.843957 -0.425348
vn 0.356271 0.824528 -0.439574
vn 0.302669 0.847370 -0.436298
vn 0.369094 0.817316 -0.442453
vn 0.445502 0.775678 -0.447048
vn 0.445509 0.775645 -0.447098
vn 0.414223 0.803381 -0.427784
vn 0.471518 0.759673 -0.447848
vn 0.407818 0.790836 -0.456358
vn 0.259225 0.864311 -0.431009
vn 0.449504 0.773279 -0.447198
vn 0.163465 0.927053 -0.337420
vn 0.163464 0.927053 -0.337420
vn 0.163465 0.927053 -0.337419
vn 0.163465 0.927053 -0.337420
vn 0.907257 -0.153512 0.391560
vn 0.890817 -0.196848 0.409507
vn 0.905339 -0.161182 0.392914
vn 0.872052 -0.238856 0.427168
vn 0.888875 -0.203222 0.410612
vn 0.851098 -0.279409 0.444481
vn 0.870209 -0.243971 0.428036
vn 0.828093 -0.318399 0.461394
vn 0.849468 -0.283314 0.445126
vn 0.803186 -0.355731 0.477858
vn 0.826784 -0.321150 0.461834
vn 0.776526 -0.391325 0.493834
vn 0.802297 -0.357389 0.478114
vn 0.748267 -0.425117 0.509286
vn 0.776145 -0.391962 0.493928
vn 0.718558 -0.457058 0.524187
vn 0.748475 -0.424803 0.509242
vn 0.687551 -0.487109 0.538514
vn 0.719427 -0.455869 0.524031
vn 0.655392 -0.515249 0.552250
vn 0.689141 -0.485126 0.538272
vn 0.657757 -0.512550 0.551949
vn 0.622219 -0.541465 0.565384
vn 0.588169 -0.565756 0.577908
vn 0.625406 -0.538131 0.565051
vn 0.553368 -0.588130 0.589820
vn 0.592216 -0.561865 0.577570
vn 0.517938 -0.608601 0.601119
vn 0.558307 -0.583762 0.589504
vn 0.481991 -0.627194 0.611811
vn 0.523796 -0.603834 0.600851
vn 0.445631 -0.643936 0.621900
vn 0.488787 -0.622103 0.611616
vn 0.453382 -0.638595 0.621804
vn 0.408073 -0.657440 0.633442
vn 0.418523 -0.654671 0.629480
vn 0.371168 -0.670406 0.642488
vn 0.382601 -0.667868 0.638411
vn 0.334131 -0.681626 0.650954
vn 0.297876 -0.693091 0.656426
vn 0.346523 -0.679390 0.646800
vn 0.309537 -0.687447 0.656965
vn 0.259956 -0.698998 0.666202
vn 0.274177 -0.697558 0.661997
vn 0.222942 -0.705233 0.673010
vn 0.238032 -0.704280 0.668828
vn 0.186052 -0.709890 0.679294
vn 0.201979 -0.709479 0.675162
vn 0.149334 -0.713010 0.685067
vn 0.166066 -0.713191 0.681014
vn 0.112831 -0.714631 0.690342
vn 0.130337 -0.715455 0.686394
vn 0.076581 -0.714791 0.695132
vn 0.040797 -0.716622 0.696267
vn 0.094829 -0.716306 0.691313
vn 0.059335 -0.712858 0.698794
vn -0.081328 -0.863157 -0.498344
vn -0.124270 -0.858244 -0.497971
vn -0.071848 -0.863196 -0.499731
vn -0.166936 -0.851261 -0.497480
vn -0.113690 -0.858775 -0.499580
vn -0.209231 -0.842222 -0.496874
vn -0.155282 -0.852386 -0.499325
vn -0.251060 -0.831145 -0.496152
vn -0.196535 -0.844042 -0.498967
vn -0.292325 -0.818052 -0.495315
vn -0.237360 -0.833758 -0.498505
vn -0.332933 -0.802969 -0.494365
vn -0.277669 -0.821555 -0.497942
vn -0.317373 -0.807458 -0.497279
vn -0.372791 -0.785926 -0.493303
vn -0.356386 -0.791493 -0.496516
vn -0.411805 -0.766958 -0.492131
vn -0.449884 -0.746104 -0.490850
vn -0.394621 -0.773691 -0.495657
vn -0.486940 -0.723406 -0.489463
vn -0.431995 -0.754090 -0.494701
vn -0.522883 -0.698911 -0.487972
vn -0.468423 -0.732726 -0.493652
vn -0.557627 -0.672671 -0.486380
vn -0.503824 -0.709643 -0.492511
vn -0.591089 -0.644741 -0.484688
vn -0.538117 -0.684888 -0.491282
vn -0.623186 -0.615180 -0.482901
vn -0.657406 -0.587238 -0.472196
vn -0.571225 -0.658510 -0.489966
vn -0.686743 -0.554470 -0.470050
vn -0.600142 -0.627505 -0.496051
vn -0.714479 -0.520258 -0.467816
vn -0.630459 -0.598148 -0.494712
vn -0.740540 -0.484679 -0.465497
vn -0.659368 -0.567354 -0.493298
vn -0.764857 -0.447810 -0.463098
vn -0.686804 -0.535184 -0.491812
vn -0.787364 -0.409735 -0.460624
vn -0.712697 -0.501709 -0.490256
vn -0.808000 -0.370541 -0.458078
vn -0.736987 -0.466996 -0.488635
vn -0.826707 -0.330314 -0.455465
vn -0.759611 -0.431124 -0.486953
vn -0.843429 -0.289151 -0.452790
vn -0.780512 -0.394167 -0.485215
vn -0.858118 -0.247146 -0.450059
vn -0.799638 -0.356205 -0.483422
vn -0.816936 -0.317324 -0.481582
vn -0.870727 -0.204397 -0.447276
vn -0.881217 -0.161008 -0.444447
vn -0.832361 -0.277608 -0.479697
vn -0.889550 -0.117082 -0.441579
vn -0.845869 -0.237147 -0.477773
vn -0.895698 -0.072723 -0.438676
vn -0.857422 -0.196031 -0.475815
vn -0.899633 -0.028045 -0.435746
vn -0.866984 -0.154354 -0.473828
vn 0.933891 0.035215 0.355819
vn 0.925402 0.000000 0.378988
vn 0.923836 -0.004102 0.382766
vn 0.928671 -0.043283 0.368370
vn 0.926243 -0.082377 0.367815
vn 0.918552 -0.120869 0.376367
vn 0.928477 0.000000 0.371391
vn 0.928477 -0.000000 0.371391
vn 0.928477 0.000000 0.371391
vn 0.928477 0.000000 0.371391
vn 0.928477 0.000000 0.371391
vn 0.928477 0.000000 0.371391
vn 0.907788 0.137933 0.396101
vn 0.917427 0.136421 0.373788
vn 0.909229 0.132453 0.394664
vn 0.899341 0.133732 0.416296
vn 0.897965 0.136441 0.418382
vn 0.897232 0.135560 0.420236
vn 0.897885 0.135658 0.418806
vn 0.899757 0.131074 0.416241
vn 0.897619 0.133080 0.420202
vn 0.898556 0.133219 0.418151
vn 0.897305 0.135094 0.420229
vn 0.897278 0.135780 0.420067
vn 0.897923 0.132383 0.419773
vn 0.897807 0.134897 0.419219
vn 0.897699 0.134737 0.419503
vn 0.898719 0.135302 0.417131
vn 0.899575 0.132628 0.416143
vn 0.898360 0.134980 0.418007
vn 0.898379 0.135946 0.417652
vn 0.898545 0.134863 0.417646
vn 0.186516 0.846288 0.499007
vn 0.309894 0.841987 0.441615
vn 0.321268 0.828614 0.458461
vn 0.287263 0.870506 0.399624
vn 0.332515 0.816252 0.472405
vn 0.298677 0.855875 0.422220
vn 0.684041 0.520118 0.511435
vn 0.792759 0.390369 0.468129
vn 0.192918 0.844082 0.500307
vn 0.295444 0.802725 0.518020
vn 0.251157 0.806951 0.534556
vn 0.236305 0.806939 0.541303
vn 0.310127 0.799879 0.513823
vn 0.266058 0.806247 0.528374
vn 0.314402 0.809983 0.495055
vn 0.324424 0.796390 0.510404
vn 0.280863 0.804831 0.522842
vn 0.221127 0.806197 0.548770
vn 0.372099 0.781497 0.500805
vn 0.377820 0.779647 0.499402
vn 0.502059 0.724007 0.473023
vn 0.442524 0.757339 0.480219
vn 0.440070 0.765339 0.469676
vn 0.470088 0.713420 0.519663
vn 0.433218 0.753750 0.494149
vn 0.475306 0.706663 0.524130
vn 0.484796 0.691846 0.535091
vn 0.488849 0.684156 0.541255
vn 0.480200 0.699491 0.529263
vn 0.391710 0.751067 0.531471
vn 0.391864 0.750728 0.531836
vn 0.260007 0.835386 0.484279
vn 0.246944 0.843272 0.477400
vn 0.339443 0.784177 0.519467
vn 0.233552 0.851496 0.469477
vn 0.522999 0.715179 0.463671
vn 0.529139 0.704377 0.473144
vn 0.535379 0.694463 0.480719
vn 0.572044 0.638856 0.514420
vn 0.615451 0.687332 0.385740
vn 0.574188 0.635116 0.516658
vn 0.616788 0.682237 0.392587
vn 0.618324 0.676504 0.400021
vn 0.576513 0.630759 0.519399
vn 0.619577 0.671946 0.405725
vn 0.578292 0.627172 0.521760
vn 0.621069 0.666675 0.412090
vn 0.580267 0.622877 0.524704
vn 0.622852 0.660542 0.419212
vn 0.582460 0.617706 0.528375
vn 0.584522 0.612278 0.532400
vn 0.624729 0.654395 0.426005
vn 0.628889 0.641196 0.439734
vn 0.588580 0.600097 0.541717
vn 0.634696 0.625969 0.453126
vn 0.674545 0.534109 0.509625
vn 0.639670 0.614332 0.461972
vn 0.630393 0.592269 0.501819
vn 0.577258 0.637779 0.509913
vn 0.593396 0.626761 0.505027
vn 0.608522 0.614481 0.502110
vn 0.523185 0.662781 0.535722
vn 0.560094 0.647519 0.516733
vn 0.542040 0.655874 0.525377
vn 0.364970 0.776646 0.513437
vn 0.363540 0.777578 0.513041
vn 0.401547 0.757486 0.514757
vn 0.381021 0.767694 0.515237
vn 0.398971 0.759326 0.514050
vn 0.437328 0.736981 0.515367
vn 0.415985 0.748745 0.516079
vn 0.433735 0.739783 0.514387
vn 0.544914 0.690308 0.475966
vn 0.770757 0.421301 0.477954
vn 0.762665 0.422316 0.489889
vn 0.742943 0.459427 0.486788
vn 0.719274 0.494176 0.488298
vn 0.663536 0.558930 0.497310
vn 0.662487 0.558047 0.499695
vn 0.750218 0.450835 0.483653
vn 0.885894 0.150902 0.438657
vn 0.880350 0.193968 0.432852
vn 0.867481 0.235429 0.438235
vn 0.847428 0.274402 0.454500
vn 0.820273 0.309951 0.480710
vn 0.786153 0.341142 0.515350
vn 0.836256 0.303822 0.456473
vn 0.836469 0.403552 0.370764
vn 0.838749 0.381216 0.388812
vn 0.841384 0.359301 0.403702
vn 0.844499 0.337828 0.415565
vn 0.289779 0.822888 0.488757
vn 0.252324 0.859070 0.445343
vn 0.356094 0.831155 0.427058
vn 0.356672 0.831247 0.426396
vn 0.375169 0.787945 0.488254
vn 0.380598 0.785379 0.488185
vn 0.401343 0.774994 0.488169
vn 0.352166 0.880625 0.316982
vn 0.576843 0.717623 0.390218
vn 0.474029 0.719401 0.507700
vn 0.438223 0.741897 0.507494
vn 0.481018 0.715155 0.507124
vn 0.495545 0.707187 0.504303
vn 0.502758 0.703623 0.502144
vn 0.488167 0.711096 0.505999
vn 0.536213 0.687679 0.489462
vn 0.427400 0.752198 0.501526
vn 0.665680 0.634547 0.392709
vn 0.549740 0.673433 0.494240
vn 0.551830 0.654033 0.517421
vn 0.521430 0.681853 0.513018
vn 0.426687 0.751781 0.502755
vn 0.305011 0.801326 0.514632
vn 0.219490 0.837635 0.500192
vn 0.583870 0.619406 0.524815
vn 0.615842 0.607374 0.501831
vn 0.626876 0.602045 0.494538
vn 0.717502 0.518127 0.465548
vn 0.708841 0.552545 0.438450
vn 0.719247 0.560657 0.410302
vn 0.666403 0.565876 0.485480
vn 0.685812 0.495243 0.533289
vn 0.706363 0.528005 0.471448
vn 0.721829 0.508895 0.469029
vn 0.683603 0.566635 0.460013
vn 0.319944 0.775845 0.543783
vn 0.288423 0.807550 0.514466
vn 0.251015 0.826473 0.503918
vn 0.209616 0.832099 0.513490
vn 0.165767 0.823842 0.542039
vn 0.200563 0.839251 0.505402
vn 0.309320 0.804139 0.507623
vn 0.303551 0.802602 0.513504
vn 0.663104 0.575125 0.479088
vn 0.748898 0.471161 0.466004
vn 0.752434 0.473386 0.457984
vn 0.752413 0.452154 0.478990
vn 0.659287 0.571814 0.488230
vn 0.686825 0.543833 0.482200
vn 0.702441 0.525074 0.480494
vn 0.719121 0.506986 0.475215
vn 0.579608 0.486482 0.653751
vn 0.587340 0.543226 0.599948
vn 0.582860 0.593564 0.554938
vn 0.566722 0.635663 0.524174
vn 0.540257 0.668107 0.511620
vn 0.504922 0.689827 0.518838
vn 0.462110 0.699654 0.544921
vn 0.580078 0.640895 0.502755
vn 0.596979 0.630544 0.496014
vn 0.609458 0.623063 0.490258
vn 0.614389 0.620406 0.487465
vn 0.489360 0.700163 0.519902
vn 0.488313 0.703517 0.516347
vn 0.563588 0.651559 0.507779
vn 0.547549 0.662540 0.511108
vn 0.886056 0.190024 0.422844
vn 0.853821 0.277445 0.440470
vn 0.267647 0.910567 0.315011
vn 0.290376 0.900906 0.322568
vn 0.244114 0.932993 0.264447
vn 0.294172 0.927900 0.229051
vn 0.233528 0.953551 0.190278
vn 0.472558 0.780337 0.409588
vn 0.484443 0.778360 0.399338
vn 0.445487 0.813219 0.374455
vn 0.567028 0.720412 0.399356
vn 0.507141 0.798289 0.324873
vn 0.517600 0.773544 0.365676
vn 0.486571 0.816455 0.310885
vn 0.590223 0.727129 0.350598
vn 0.689961 0.595356 0.411711
vn 0.565285 0.690038 0.451997
vn 0.598989 0.660594 0.452580
vn 0.565455 0.692073 0.448659
vn 0.670212 0.591651 0.448068
vn 0.666763 0.577848 0.470658
vn 0.599640 0.643657 0.475539
vn 0.476887 0.708800 0.519789
vn 0.509182 0.696284 0.505888
vn 0.519445 0.691473 0.502037
vn 0.601485 0.638093 0.480680
vn 0.529065 0.686273 0.499119
vn 0.589040 0.640520 0.492713
vn 0.496494 0.718726 0.486752
vn 0.338429 0.793329 0.506058
vn 0.453766 0.736682 0.501395
vn 0.430713 0.737559 0.520089
vn 0.361921 0.774115 0.519384
vn 0.335658 0.780876 0.526846
vn 0.380846 0.767340 0.515893
vn 0.461943 0.715739 0.523761
vn 0.460623 0.713693 0.527702
vn 0.398822 0.759042 0.514584
vn 0.416172 0.749080 0.515442
vn 0.432497 0.737672 0.518446
vn 0.341141 0.793630 0.503761
vn 0.772831 0.474018 0.421948
vn 0.783978 0.444058 0.433811
vn 0.741750 0.492012 0.455775
vn 0.741480 0.477384 0.471500
vn 0.807437 0.441350 0.391478
vn 0.805814 0.419754 0.417696
vn 0.796996 0.415161 0.438678
vn 0.804972 0.408716 0.430083
vn 0.844163 0.329920 0.422541
vn 0.811307 0.363166 0.458139
vn 0.855358 0.277944 0.437162
vn 0.787669 0.380008 0.484945
vn 0.811348 0.379749 0.444415
vn 0.804360 0.365586 0.468350
vn 0.818556 0.349553 0.455827
vn 0.837735 0.327408 0.437041
vn 0.830210 0.332112 0.447720
vn 0.157355 0.869938 0.467383
vn 0.232513 0.853190 0.466910
vn 0.343843 0.906855 0.243691
vn 0.488108 0.819034 0.301552
vn 0.399970 0.872381 0.281025
vn 0.343832 0.906824 0.243822
vn 0.395356 0.871769 0.289332
vn 0.602536 0.715794 0.352972
vn 0.591379 0.728553 0.345660
vn 0.670559 0.639199 0.376530
vn 0.612125 0.684895 0.395249
vn 0.602382 0.715611 0.353606
vn 0.695633 0.611424 0.377168
vn 0.747243 0.530968 0.399626
vn 0.743394 0.510696 0.431921
vn 0.776462 0.476245 0.412672
vn 0.746441 0.530397 0.401877
vn 0.752637 0.517046 0.407678
vn 0.792078 0.450266 0.412157
vn 0.163821 0.929057 0.331686
vn 0.223317 0.904069 0.364402
vn 0.181573 0.914926 0.360473
vn 0.158122 0.861587 0.482354
vn 0.174712 0.949813 0.259481
vn 0.260021 0.943899 0.203577
vn 0.260295 0.944891 0.198562
vn 0.494941 0.813938 0.304201
vn 0.555341 0.764617 0.327045
vn 0.554420 0.763349 0.331538
vn 0.495670 0.815137 0.299770
vn 0.611254 0.713008 0.343494
vn 0.798456 0.436281 0.414882
vn 0.805825 0.417916 0.419515
vn 0.806313 0.418169 0.418324
vn 0.800835 0.437582 0.408884
vn 0.794463 0.451621 0.406038
vn 0.851891 0.301651 0.428122
vn 0.852664 0.301924 0.426387
vn 0.346327 0.907644 0.237148
vn 0.385767 0.887119 0.253383
vn 0.346321 0.907629 0.237216
vn 0.385517 0.886544 0.255766
vn 0.614086 0.710129 0.344405
vn 0.611314 0.713078 0.343242
vn 0.614067 0.710107 0.344485
vn 0.632900 0.685865 0.359204
vn 0.631789 0.684661 0.363431
vn 0.696767 0.612420 0.373440
vn 0.760773 0.515699 0.394054
vn 0.757794 0.513680 0.402344
vn 0.760336 0.510011 0.402216
vn 0.702896 0.605310 0.373547
vn 0.763046 0.511829 0.394705
vn 0.801206 0.429217 0.416944
vn 0.260879 0.944418 0.200043
vn 0.260946 0.944658 0.198820
vn 0.560818 0.762589 0.322399
vn 0.498371 0.814431 0.297202
vn 0.560600 0.762293 0.323476
vn 0.616060 0.709648 0.341864
vn 0.802606 0.425294 0.418269
vn 0.805835 0.431698 0.405298
vn 0.820804 0.395494 0.412147
vn 0.818806 0.394531 0.417015
vn 0.807570 0.427925 0.405845
vn 0.855499 0.295093 0.425490
vn 0.854494 0.294746 0.427743
vn 0.345074 0.908750 0.234730
vn 0.387720 0.886039 0.254180
vn 0.387845 0.886325 0.252991
vn 0.498463 0.814582 0.296633
vn 0.345073 0.908750 0.234729
vn 0.616396 0.709298 0.341983
vn 0.640098 0.681992 0.353782
vn 0.703175 0.605549 0.372632
vn 0.616067 0.709657 0.341830
vn 0.640349 0.682260 0.352809
vn 0.616401 0.709305 0.341960
vn 0.704229 0.604104 0.372988
vn 0.762145 0.507492 0.401979
vn 0.765453 0.509694 0.392802
vn 0.762736 0.506675 0.401889
vn 0.704363 0.604224 0.372540
vn 0.765959 0.508816 0.392955
vn 0.803079 0.423908 0.418768
vn 0.263805 0.943611 0.200012
vn 0.263788 0.943548 0.200335
vn 0.497706 0.815153 0.296336
vn 0.397664 0.881116 0.255926
vn 0.170207 0.972336 0.159976
vn 0.348927 0.906981 0.235869
vn 0.562624 0.761694 0.321367
vn 0.562568 0.761619 0.321643
vn 0.497753 0.815228 0.296049
vn 0.497138 0.815691 0.295809
vn 0.618617 0.706991 0.342747
vn 0.645192 0.678288 0.351643
vn 0.618789 0.707188 0.342031
vn 0.619509 0.706430 0.342293
vn 0.803543 0.422515 0.419285
vn 0.748450 0.538653 0.386879
vn 0.784028 0.476435 0.397882
vn 0.809219 0.425500 0.405110
vn 0.821934 0.389063 0.415999
vn 0.824454 0.390256 0.409848
vn 0.808607 0.426826 0.404936
vn 0.834027 0.367799 0.411245
vn 0.860997 0.291337 0.416902
vn 0.176452 0.970773 0.162676
vn 0.854899 0.293082 0.428078
vn 0.856334 0.293574 0.424860
vn 0.704748 0.603925 0.372296
vn 0.856896 0.292552 0.424431
vn 0.881486 0.216025 0.419899
vn 0.839891 0.352544 0.412670
vn 0.829676 0.378654 0.410194
vn 0.150953 0.856102 0.494269
vn 0.150954 0.856102 0.494270
vn -0.163465 0.927053 -0.337420
vn -0.163464 0.927053 -0.337420
vn -0.163465 0.927053 -0.337419
vn -0.163465 0.927053 -0.337420
vn 0.150954 0.856102 0.494270
vn 0.150954 0.856102 0.494270
vn -0.897107 0.000000 -0.441813
vn -0.892989 -0.007007 -0.450023
vn -0.863389 -0.113610 -0.491581
vn -0.877283 -0.078023 -0.473590
vn -0.885504 -0.041271 -0.462795
vn -0.888086 -0.003943 -0.459660
vn -0.885039 0.033373 -0.464319
vn -0.892108 -0.056335 -0.448297
vn -0.894427 0.000000 -0.447214
vn -0.894427 0.000000 -0.447214
vn -0.894427 0.000000 -0.447214
vn -0.894427 -0.000000 -0.447214
vn -0.894427 0.000000 -0.447214
vn -0.894427 0.000000 -0.447214
vn -0.894427 0.000000 -0.447214
vn -0.894427 0.000000 -0.447214
vn -0.894427 0.000000 -0.447214
vn -0.894427 0.000000 -0.447214
vn -0.894427 0.000000 -0.447214
vn -0.894427 0.000000 -0.447214
vn -0.894427 0.000000 -0.447214
vn -0.894427 0.000000 -0.447214
vn -0.894427 0.000000 -0.447214
vn -0.894427 -0.000000 -0.447214
vn -0.894427 0.000000 -0.447214
vn -0.894427 0.000000 -0.447214
vn -0.894427 -0.000000 -0.447214
vn -0.894427 0.000000 -0.447214
vn -0.894427 0.000000 -0.447214
vn -0.894427 0.000000 -0.447214
vn -0.894427 0.000000 -0.447214
vn -0.894427 0.000000 -0.447214
vn -0.894427 0.000000 -0.447214
vn -0.894427 0.000000 -0.447214
vn -0.894427 0.000000 -0.447214
vn -0.894427 0.000000 -0.447214
vn -0.894427 0.000000 -0.447214
vn -0.894427 0.000000 -0.447214
vn -0.894427 -0.000000 -0.447214
vn -0.894427 0.000000 -0.447214
vn -0.878707 0.105676 -0.465518
vn -0.882545 0.121183 -0.454345
vn -0.885042 0.100682 -0.454493
vn -0.897126 0.109824 -0.427905
vn -0.901580 0.096644 -0.421679
vn -0.906202 0.107024 -0.409077
vn -0.890792 0.098419 -0.443625
vn -0.897979 0.113779 -0.425075
vn -0.926415 0.103368 -0.362035
vn -0.899799 0.105294 -0.423409
vn -0.917790 0.133701 -0.373879
vn -0.919227 0.117943 -0.375648
vn -0.883294 0.121750 -0.452735
vn -0.908559 0.122360 -0.399436
vn -0.933668 0.124260 -0.335891
vn -0.928005 0.129375 -0.349382
vn -0.931521 0.107995 -0.347284
vn -0.917908 0.120216 -0.378144
vn -0.934335 0.121477 -0.335054
vn -0.924041 0.162722 -0.345933
vn -0.912524 0.203404 -0.354861
vn -0.889792 0.240830 -0.387648
vn -0.872197 0.278760 -0.401952
vn -0.853640 0.315828 -0.414188
vn -0.929998 0.135479 -0.341685
vn -0.879343 0.261688 -0.397838
vn -0.647291 0.599267 -0.471055
vn -0.619499 0.633067 -0.464164
vn -0.592763 0.668757 -0.448773
vn -0.659748 0.584763 -0.472001
vn -0.683876 0.552175 -0.476882
vn -0.671504 0.565982 -0.478275
vn -0.671802 0.565684 -0.478209
vn -0.659745 0.578962 -0.479103
vn -0.646930 0.591754 -0.480944
vn -0.653912 0.584435 -0.480453
vn -0.634374 0.604605 -0.481686
vn -0.636383 0.602734 -0.481382
vn -0.618134 0.620491 -0.482599
vn -0.598847 0.636917 -0.485509
vn -0.578362 0.652016 -0.490278
vn -0.866634 0.367976 -0.336955
vn -0.825599 0.399686 -0.398294
vn -0.788490 0.430966 -0.438807
vn -0.756576 0.463379 -0.461381
vn -0.730016 0.498235 -0.467803
vn -0.708398 0.536536 -0.458586
vn -0.690846 0.579012 -0.432986
vn -0.784799 0.412962 -0.462117
vn -0.700843 0.538430 -0.467881
vn -0.636390 0.564060 -0.526160
vn -0.757747 0.444273 -0.477955
vn -0.746815 0.473070 -0.467410
vn -0.762872 0.412697 -0.497703
vn -0.682751 0.538418 -0.493920
vn -0.730463 0.498687 -0.466621
vn -0.701632 0.529660 -0.476626
vn -0.709000 0.520664 -0.475634
vn -0.701567 0.530165 -0.476160
vn -0.762003 0.457887 -0.457920
vn -0.810991 0.381874 -0.443244
vn -0.834803 0.347281 -0.427200
vn -0.784575 0.424438 -0.451989
vn -0.803918 0.394273 -0.445270
vn -0.692150 0.545830 -0.472227
vn -0.818565 0.370997 -0.438535
vn -0.814209 0.378220 -0.440470
vn -0.815019 0.376853 -0.440143
vn -0.794832 0.407886 -0.449301
vn -0.772341 0.437257 -0.460755
vn -0.783883 0.422795 -0.454722
vn -0.809710 0.385303 -0.442618
vn -0.805214 0.392496 -0.444496
vn -0.670831 0.564867 -0.480532
vn -0.659342 0.578609 -0.480082
vn -0.719585 0.533759 -0.444182
vn -0.667328 0.530205 -0.523026
vn -0.799909 0.410491 -0.437770
vn -0.774817 0.438659 -0.455233
vn -0.786927 0.424437 -0.447883
vn -0.726928 0.516441 -0.452619
vn -0.763611 0.453199 -0.459900
vn -0.743679 0.483737 -0.461454
vn -0.712806 0.551826 -0.432893
vn -0.734934 0.499788 -0.458349
vn -0.726384 0.504595 -0.466637
vn -0.813794 0.396678 -0.424718
vn -0.753224 0.468227 -0.461971
vn -0.828398 0.383039 -0.408703
vn -0.847947 0.319851 -0.422708
vn -0.845277 0.325648 -0.423628
vn -0.901633 0.203444 -0.381665
vn -0.891143 0.279966 -0.357048
vn -0.779533 0.431657 -0.453873
vn -0.785240 0.422696 -0.452466
vn -0.773583 0.439566 -0.456455
vn -0.768220 0.450413 -0.454936
vn -0.748501 0.474139 -0.463615
vn -0.770478 0.447908 -0.453587
vn -0.704574 0.533498 -0.467927
vn -0.768563 0.446795 -0.457913
vn -0.729719 0.498179 -0.468326
vn -0.711796 0.522717 -0.469162
vn -0.804059 0.394342 -0.444954
vn -0.818182 0.370824 -0.439394
vn -0.834149 0.340805 -0.433644
vn -0.770162 0.445224 -0.456756
vn -0.809720 0.385308 -0.442597
vn -0.814007 0.378127 -0.440923
vn -0.769978 0.445118 -0.457168
vn -0.836816 0.341895 -0.427605
vn -0.613540 0.627625 -0.479224
vn -0.661323 0.578491 -0.477493
vn -0.703489 0.532676 -0.470488
vn -0.694662 0.539634 -0.475647
vn -0.707089 0.524490 -0.474272
vn -0.719163 0.510924 -0.470916
vn -0.761854 0.452157 -0.463824
vn -0.741646 0.482414 -0.466087
vn -0.730682 0.496897 -0.468185
vn -0.694442 0.537609 -0.478254
vn -0.681355 0.550139 -0.482807
vn -0.769895 0.445296 -0.457135
vn -0.766921 0.443576 -0.463759
vn -0.752043 0.467493 -0.464631
vn -0.687608 0.550743 -0.473157
vn -0.694470 0.539484 -0.476096
vn -0.683942 0.547807 -0.481799
vn -0.851029 0.267363 -0.451958
vn -0.847238 0.321707 -0.422720
vn -0.791038 0.412998 -0.451321
vn -0.590406 0.649510 -0.479121
vn -0.659592 0.621326 -0.422956
vn -0.620476 0.567556 -0.541193
vn -0.560135 0.661839 -0.498215
vn -0.613963 0.585152 -0.529760
vn -0.745403 0.487558 -0.454601
vn -0.793415 0.403439 -0.455774
vn -0.826390 0.345007 -0.445028
vn -0.806527 0.387644 -0.446371
vn -0.796491 0.405517 -0.448506
vn -0.759671 0.454942 -0.464680
vn -0.834758 0.369653 -0.408089
vn -0.785316 0.422737 -0.452296
vn -0.773022 0.439248 -0.457709
vn -0.459721 0.749125 -0.476936
vn -0.571505 0.656435 -0.492417
vn -0.560028 0.669500 -0.487995
vn -0.541995 0.687454 -0.483373
vn -0.522738 0.704108 -0.480600
vn -0.576395 0.662052 -0.479016
vn -0.892595 0.152043 -0.424449
vn -0.891697 0.196468 -0.407770
vn -0.883420 0.239755 -0.402600
vn -0.868064 0.281083 -0.409216
vn -0.845766 0.319583 -0.427255
vn -0.816550 0.354333 -0.455735
vn -0.780512 0.384338 -0.493037
vn -0.826881 0.397427 -0.397894
vn -0.822627 0.418824 -0.384541
vn -0.830050 0.350737 -0.433590
vn -0.841424 0.326697 -0.430435
vn -0.898216 0.216737 -0.382405
vn -0.671604 0.566067 -0.478033
vn -0.688298 0.546865 -0.476639
vn -0.656261 0.586535 -0.474655
vn -0.745280 0.486941 -0.455463
vn -0.726440 0.488300 -0.483578
vn -0.564513 0.674862 -0.475276
vn -0.542737 0.688395 -0.481196
vn -0.516421 0.707367 -0.482639
vn -0.522358 0.703597 -0.481761
vn -0.736141 0.455221 -0.500869
vn -0.721578 0.495760 -0.483268
vn -0.700276 0.532463 -0.475496
vn -0.672783 0.564687 -0.478008
vn -0.639696 0.591650 -0.490652
vn -0.725839 0.502188 -0.470069
vn -0.783607 0.469276 -0.407112
vn -0.547777 0.677408 -0.490977
vn -0.517504 0.707016 -0.481994
vn -0.482532 0.730574 -0.483141
vn -0.443601 0.747553 -0.494351
vn -0.401496 0.757391 -0.514936
vn -0.424996 0.798833 -0.425728
vn -0.457689 0.751328 -0.475424
vn -0.314713 0.836612 -0.448371
vn -0.202996 0.878662 -0.432141
vn -0.413702 0.822262 -0.390816
vn -0.364352 0.775332 -0.515857
vn -0.334042 0.810033 -0.481936
vn -0.299251 0.837868 -0.456537
vn -0.260815 0.858740 -0.441069
vn -0.219784 0.872463 -0.436466
vn -0.176849 0.878916 -0.442981
vn -0.391369 0.824784 -0.408120
vn -0.369842 0.827835 -0.421788
vn -0.330452 0.823422 -0.461279
vn -0.615531 0.632419 -0.470285
vn -0.637473 0.618621 -0.459279
vn -0.630664 0.608377 -0.481811
vn -0.646109 0.565182 -0.512945
vn -0.617466 0.612722 -0.493262
vn -0.611987 0.628647 -0.479870
vn -0.616346 0.633125 -0.468263
vn -0.517439 0.707742 -0.480997
vn -0.520774 0.712303 -0.470552
vn -0.361385 0.814769 -0.453379
vn -0.568303 0.672896 -0.473543
vn -0.645993 0.593390 -0.480190
vn -0.649715 0.596809 -0.470840
vn -0.638302 0.604552 -0.476537
vn -0.618141 0.620498 -0.482580
vn -0.599475 0.637585 -0.483854
vn -0.581995 0.656112 -0.480415
vn -0.643649 0.594397 -0.482088
vn -0.720185 0.509703 -0.470677
vn -0.720217 0.509726 -0.470602
vn -0.459847 0.749178 -0.476731
vn -0.459699 0.749152 -0.476916
vn -0.350835 0.818734 -0.454521
vn -0.565443 0.669510 -0.481695
vn -0.561301 0.672706 -0.482088
vn -0.469674 0.740102 -0.481306
vn -0.516562 0.707560 -0.482205
vn -0.471208 0.742519 -0.476055
vn -0.560037 0.671191 -0.485655
vn -0.459464 0.750709 -0.474687
vn -0.344047 0.811141 -0.472951
vn -0.397208 0.789480 -0.467919
vn -0.414341 0.778805 -0.470940
vn -0.456569 0.745980 -0.484829
vn -0.378997 0.798710 -0.467359
vn -0.346749 0.817510 -0.459830
vn -0.360195 0.806242 -0.469290
vn -0.556049 0.674306 -0.485923
vn -0.613325 0.624589 -0.483446
vn -0.581868 0.652653 -0.485257
vn -0.552870 0.670452 -0.494802
vn -0.638355 0.592426 -0.491462
vn -0.644268 0.594969 -0.480551
vn -0.642094 0.595897 -0.482309
vn -0.467726 0.756143 -0.457690
vn -0.508184 0.709467 -0.488268
vn -0.446327 0.769327 -0.457087
vn -0.439596 0.771208 -0.460428
vn -0.527259 0.704139 -0.475590
vn -0.479757 0.735474 -0.478447
vn -0.434940 0.763041 -0.478117
vn -0.378046 0.799890 -0.466109
vn -0.463636 0.755503 -0.462878
vn -0.483726 0.741559 -0.464865
vn -0.534894 0.701216 -0.471364
vn -0.611320 0.625354 -0.484995
vn -0.612802 0.625114 -0.483432
vn -0.600011 0.642816 -0.476208
vn -0.613083 0.577516 -0.539077
vn -0.582806 0.688627 -0.431429
vn -0.523592 0.703874 -0.480014
vn -0.524381 0.701846 -0.482118
vn -0.326575 0.832324 -0.447867
vn -0.370198 0.819113 -0.438186
vn -0.374056 0.791447 -0.483419
vn -0.506386 0.708978 -0.490839
vn -0.326990 0.829509 -0.452760
vn -0.318178 0.836517 -0.446097
vn -0.527223 0.721942 -0.448147
vn -0.531633 0.721097 -0.444282
vn -0.506086 0.708841 -0.491346
vn -0.349627 0.825562 -0.442955
vn -0.303495 0.847028 -0.436389
vn -0.250856 0.867322 -0.429912
vn -0.448571 0.773772 -0.447281
vn -0.326265 0.829636 -0.453052
vn -0.316583 0.837309 -0.445745
vn -0.447472 0.774428 -0.447247
vn -0.491725 0.746535 -0.448210
vn -0.330451 0.853314 -0.403308
vn -0.370495 0.834919 -0.406994
vn -0.566450 0.705309 -0.426233
vn -0.530862 0.729873 -0.430663
vn -0.497068 0.757040 -0.424044
vn -0.468152 0.775603 -0.423408
vn -0.359450 0.810028 -0.463303
vn -0.503400 0.740550 -0.445168
vn -0.465944 0.771944 -0.432433
vn -0.352984 0.859376 -0.369966
vn -0.311693 0.875868 -0.368377
vn -0.270661 0.893635 -0.357994
vn -0.229384 0.912585 -0.338484
vn -0.187477 0.932297 -0.309314
vn -0.229533 0.909139 -0.347536
vn -0.357360 0.842008 -0.404125
vn -0.256336 0.901989 -0.347430
vn -0.158711 0.900098 -0.405751
vn -0.195642 0.908743 -0.368659
vn -0.467370 0.791863 -0.393088
vn -0.428322 0.812050 -0.396377
vn -0.389953 0.833622 -0.391168
vn -0.421827 0.811045 -0.405300
vn -0.338390 0.864243 -0.372259
vn -0.423464 0.807841 -0.409965
vn -0.421712 0.810824 -0.405863
vn -0.336456 0.859304 -0.385220
vn -0.343992 0.829555 -0.439896
vn -0.399899 0.816708 -0.416015
vn -0.333666 0.832235 -0.442778
vn -0.356640 0.825382 -0.437667
vn -0.256810 0.865535 -0.429997
vn -0.318571 0.849318 -0.420918
vn -0.408963 0.794760 -0.448448
vn -0.475920 0.765486 -0.433050
vn -0.291857 0.851808 -0.435020
vn -0.331521 0.840371 -0.428802
vn -0.408318 0.791907 -0.454048
vn -0.514387 0.742947 -0.428293
vn -0.334485 0.838152 -0.430837
vn -0.301236 0.847963 -0.436136
vn -0.408076 0.791357 -0.455223
vn -0.344863 0.831655 -0.435223
vn -0.335833 0.837639 -0.430786
vn -0.334926 0.837816 -0.431149
vn -0.326827 0.843957 -0.425348
vn -0.356271 0.824528 -0.439574
vn -0.302669 0.847370 -0.436298
vn -0.369094 0.817316 -0.442453
vn -0.445493 0.775680 -0.447053
vn -0.445409 0.775685 -0.447127
vn -0.414223 0.803381 -0.427784
vn -0.471518 0.759673 -0.447848
vn -0.407818 0.790836 -0.456359
vn -0.259305 0.864292 -0.430999
vn -0.449504 0.773279 -0.447198
vn 0.000000 0.000000 1.000000
vn 0.000000 0.000000 1.000000
vn 0.000000 0.000000 1.000000
vn 0.000000 0.000000 1.000000
vn 0.000000 0.000000 1.000000
vn 0.000000 0.000000 1.000000
vn 0.000000 0.000000 1.000000
vn 0.000000 0.000000 1.000000
vn 0.000000 0.000000 1.000000
vn 0.000000 0.000000 1.000000
vn 0.000000 0.000000 1.000000
vn 0.000000 0.000000 1.000000
vn 0.000000 0.000000 1.000000
vn 0.000000 0.000000 1.000000
vn 0.000000 0.000000 1.000000
vn 0.000000 0.000000 1.000000
vn 0.000000 0.000000 1.000000
vn 0.000000 0.000000 1.000000
vn 0.000000 0.000000 1.000000
vn 0.000000 0.000000 1.000000
vn 0.000000 0.000000 1.000000
vn 0.000000 0.000000 1.000000
vn 0.000000 0.000000 1.000000
vn 0.000000 0.000000 1.000000
vn 0.000000 0.000000 1.000000
vn 0.000000 0.000000 1.000000
vn 0.000000 0.000000 1.000000
vn 0.000000 0.000000 1.000000
vn 0.000000 0.000000 1.000000
vn 0.000000 0.000000 1.000000
vn 0.000000 0.000000 1.000000
vn 0.000000 0.000000 1.000000
vn 0.000000 0.000000 1.000000
vn 0.000000 0.000000 1.000000
vn 0.000000 0.000000 1.000000
vn 0.000000 0.000000 1.000000
vn 0.000000 0.000000 1.000000
vn 0.000000 0.000000 1.000000
vn 0.000000 0.000000 1.000000
vn 0.000000 0.000000 1.000000
vn 0.000000 0.000000 1.000000
vn 0.000000 0.000000 1.000000
vn 0.000000 0.000000 1.000000
vn 0.000000 0.000000 1.000000
vn 0.000000 0.000000 1.000000
vn 0.000000 0.000000 1.000000
vn 0.000000 0.000000 1.000000
vn 0.000000 0.000000 1.000000
vn 0.000000 0.000000 1.000000
vn 0.000000 0.000000 1.000000
vn 0.000000 0.000000 1.000000
vn 0.000000 0.000000 1.000000
vn 0.000000 0.000000 1.000000
vn 0.000000 0.000000 1.000000
vn 0.000000 0.000000 1.000000
vn 0.000000 0.000000 1.000000
vn 0.000000 0.000000 1.000000
vn 0.000000 0.000000 1.000000
vn 0.000000 0.000000 1.000000
vn 0.000000 0.000000 1.000000
vn 0.000000 0.000000 1.000000
vn 0.000000 0.000000 1.000000
vn 0.000000 0.000000 1.000000
vn 0.000000 0.000000 1.000000
vn 0.000000 0.000000 1.000000
vn 0.000000 0.000000 1.000000
vn 0.000000 0.000000 1.000000
vn 0.000000 0.000000 1.000000
vn 0.000000 0.000000 1.000000
vn 0.000000 0.000000 1.000000
vn -0.907257 -0.153512 0.391560
vn -0.890817 -0.196848 0.409507
vn -0.905339 -0.161182 0.392914
vn -0.872052 -0.238856 0.427168
vn -0.888875 -0.203222 0.410612
vn -0.851098 -0.279409 0.444481
vn -0.870209 -0.243971 0.428036
vn -0.828093 -0.318399 0.461394
vn -0.849468 -0.283314 0.445126
vn -0.803186 -0.355731 0.477858
vn -0.826784 -0.321150 0.461834
vn -0.776526 -0.391325 0.493834
vn -0.802297 -0.357389 0.478114
vn -0.748267 -0.425117 0.509286
vn -0.776145 -0.391962 0.493928
vn -0.718558 -0.457058 0.524187
vn -0.748475 -0.424803 0.509242
vn -0.687551 -0.487109 0.538514
vn -0.719427 -0.455869 0.524031
vn -0.655392 -0.515249 0.552250
vn -0.689141 -0.485126 0.538272
vn -0.657757 -0.512550 0.551949
vn -0.622219 -0.541465 0.565384
vn -0.588169 -0.565756 0.577908
vn -0.625406 -0.538131 0.565051
vn -0.553368 -0.588130 0.589820
vn -0.592216 -0.561865 0.577570
vn -0.517938 -0.608601 0.601119
vn -0.558307 -0.583762 0.589504
vn -0.481990 -0.627194 0.611811
vn -0.523796 -0.603834 0.600851
vn -0.445631 -0.643936 0.621900
vn -0.488787 -0.622103 0.611616
vn -0.453382 -0.638595 0.621804
vn -0.408073 -0.657440 0.633442
vn -0.418523 -0.654671 0.629480
vn -0.371168 -0.670406 0.642488
vn -0.382601 -0.667868 0.638411
vn -0.334131 -0.681626 0.650954
vn -0.297876 -0.693091 0.656426
vn -0.346523 -0.679390 0.646800
vn -0.309537 -0.687447 0.656965
vn -0.259956 -0.698998 0.666202
vn -0.274177 -0.697558 0.661997
vn -0.222942 -0.705233 0.673010
vn -0.238032 -0.704280 0.668828
vn -0.186052 -0.709890 0.679294
vn -0.201979 -0.709479 0.675162
vn -0.149334 -0.713010 0.685067
vn -0.166066 -0.713191 0.681014
vn -0.112831 -0.714631 0.690342
vn -0.130337 -0.715455 0.686394
vn -0.076581 -0.714791 0.695132
vn -0.040797 -0.716622 0.696267
vn -0.094829 -0.716306 0.691313
vn -0.059335 -0.712858 0.698794
vn -0.150954 0.856102 0.494270
vn -0.150954 0.856102 0.494270
vn -0.933891 0.035215 0.355819
vn -0.925402 0.000000 0.378988
vn -0.923836 -0.004102 0.382766
vn -0.928671 -0.043283 0.368370
vn -0.926243 -0.082377 0.367815
vn -0.918552 -0.120869 0.376367
vn -0.928477 0.000000 0.371391
vn -0.928477 0.000000 0.371391
vn -0.928477 0.000000 0.371391
vn -0.928477 0.000000 0.371391
vn -0.928477 0.000000 0.371391
vn -0.928477 0.000000 0.371391
vn -0.907788 0.137933 0.396101
vn -0.917427 0.136421 0.373788
vn -0.909229 0.132453 0.394664
vn -0.899341 0.133732 0.416296
vn -0.897965 0.136441 0.418382
vn -0.897232 0.135560 0.420236
vn -0.897885 0.135658 0.418806
vn -0.899757 0.131074 0.416241
vn -0.897619 0.133080 0.420202
vn -0.898556 0.133219 0.418151
vn -0.897305 0.135094 0.420229
vn -0.897278 0.135780 0.420067
vn -0.897923 0.132383 0.419773
vn -0.897807 0.134897 0.419219
vn -0.897699 0.134737 0.419503
vn -0.898718 0.135302 0.417131
vn -0.899575 0.132628 0.416143
vn -0.898360 0.134980 0.418007
vn -0.898379 0.135946 0.417652
vn -0.898545 0.134863 0.417646
vn -0.186516 0.846288 0.499007
vn -0.309894 0.841987 0.441615
vn -0.321268 0.828614 0.458461
vn -0.287263 0.870506 0.399624
vn -0.332515 0.816252 0.472405
vn -0.298676 0.855875 0.422220
vn -0.684041 0.520118 0.511435
vn -0.792759 0.390369 0.468130
vn -0.192918 0.844082 0.500307
vn -0.295443 0.802725 0.518020
vn -0.251157 0.806951 0.534556
vn -0.236305 0.806939 0.541303
vn -0.310127 0.799879 0.513823
vn -0.266058 0.806247 0.528374
vn -0.314402 0.809983 0.495055
vn -0.324424 0.796390 0.510404
vn -0.280863 0.804831 0.522842
vn -0.221127 0.806197 0.548770
vn -0.372099 0.781497 0.500805
vn -0.377820 0.779647 0.499402
vn -0.502059 0.724007 0.473023
vn -0.442524 0.757339 0.480219
vn -0.440070 0.765339 0.469676
vn -0.470088 0.713420 0.519663
vn -0.433218 0.753750 0.494149
vn -0.475306 0.706663 0.524130
vn -0.484796 0.691846 0.535091
vn -0.488849 0.684156 0.541255
vn -0.480200 0.699492 0.529263
vn -0.391710 0.751067 0.531471
vn -0.391864 0.750728 0.531836
vn -0.260007 0.835386 0.484279
vn -0.246944 0.843272 0.477399
vn -0.339443 0.784177 0.519467
vn -0.233552 0.851496 0.469477
vn -0.523000 0.715179 0.463671
vn -0.529138 0.704377 0.473144
vn -0.535378 0.694463 0.480719
vn -0.572044 0.638856 0.514420
vn -0.615451 0.687333 0.385739
vn -0.574188 0.635116 0.516658
vn -0.616788 0.682237 0.392588
vn -0.618324 0.676505 0.400021
vn -0.576513 0.630759 0.519399
vn -0.619578 0.671946 0.405724
vn -0.578292 0.627172 0.521760
vn -0.621070 0.666674 0.412090
vn -0.580267 0.622877 0.524704
vn -0.622852 0.660542 0.419212
vn -0.582460 0.617706 0.528375
vn -0.584522 0.612278 0.532400
vn -0.624730 0.654395 0.426004
vn -0.628889 0.641196 0.439734
vn -0.588580 0.600097 0.541717
vn -0.634696 0.625969 0.453126
vn -0.674545 0.534109 0.509625
vn -0.639670 0.614332 0.461972
vn -0.630393 0.592269 0.501819
vn -0.577258 0.637779 0.509913
vn -0.593396 0.626761 0.505027
vn -0.608522 0.614481 0.502110
vn -0.523186 0.662781 0.535722
vn -0.560094 0.647519 0.516733
vn -0.542040 0.655874 0.525377
vn -0.364970 0.776646 0.513437
vn -0.363540 0.777578 0.513042
vn -0.401547 0.757486 0.514757
vn -0.381021 0.767694 0.515237
vn -0.398971 0.759326 0.514050
vn -0.437328 0.736981 0.515367
vn -0.415985 0.748745 0.516079
vn -0.433735 0.739783 0.514387
vn -0.544914 0.690307 0.475966
vn -0.770757 0.421301 0.477954
vn -0.762665 0.422316 0.489889
vn -0.742943 0.459427 0.486788
vn -0.719274 0.494176 0.488298
vn -0.663536 0.558930 0.497310
vn -0.662487 0.558047 0.499695
vn -0.750218 0.450835 0.483653
vn -0.885894 0.150902 0.438657
vn -0.880350 0.193968 0.432852
vn -0.867481 0.235429 0.438235
vn -0.847428 0.274401 0.454499
vn -0.820273 0.309951 0.480710
vn -0.786153 0.341142 0.515350
vn -0.836256 0.303822 0.456473
vn -0.836469 0.403552 0.370764
vn -0.838749 0.381216 0.388812
vn -0.841384 0.359301 0.403702
vn -0.844499 0.337828 0.415565
vn -0.289779 0.822888 0.488757
vn -0.252324 0.859070 0.445343
vn -0.356094 0.831155 0.427058
vn -0.356672 0.831247 0.426396
vn -0.375169 0.787944 0.488254
vn -0.380598 0.785379 0.488185
vn -0.401343 0.774994 0.488169
vn -0.352166 0.880625 0.316982
vn -0.576842 0.717623 0.390218
vn -0.474028 0.719401 0.507700
vn -0.438223 0.741897 0.507493
vn -0.481018 0.715155 0.507124
vn -0.495545 0.707187 0.504304
vn -0.502759 0.703623 0.502143
vn -0.488167 0.711097 0.505999
vn -0.536213 0.687679 0.489462
vn -0.427400 0.752198 0.501526
vn -0.665680 0.634547 0.392709
vn -0.549740 0.673433 0.494240
vn -0.551830 0.654033 0.517421
vn -0.521430 0.681853 0.513018
vn -0.426687 0.751781 0.502755
vn -0.305011 0.801326 0.514632
vn -0.219490 0.837635 0.500192
vn -0.583870 0.619406 0.524815
vn -0.615842 0.607374 0.501831
vn -0.626876 0.602045 0.494538
vn -0.717502 0.518127 0.465548
vn -0.708841 0.552545 0.438450
vn -0.719247 0.560657 0.410302
vn -0.666403 0.565876 0.485480
vn -0.685812 0.495243 0.533289
vn -0.706363 0.528005 0.471448
vn -0.721829 0.508895 0.469029
vn -0.683603 0.566635 0.460013
vn -0.319944 0.775845 0.543783
vn -0.288423 0.807550 0.514466
vn -0.251015 0.826473 0.503918
vn -0.209616 0.832099 0.513490
vn -0.165768 0.823842 0.542039
vn -0.200563 0.839251 0.505402
vn -0.309320 0.804139 0.507623
vn -0.303551 0.802602 0.513504
vn -0.663104 0.575125 0.479088
vn -0.748898 0.471161 0.466004
vn -0.752434 0.473386 0.457984
vn -0.752413 0.452154 0.478990
vn -0.659287 0.571814 0.488230
vn -0.686825 0.543833 0.482200
vn -0.702441 0.525074 0.480494
vn -0.719121 0.506986 0.475215
vn -0.579608 0.486482 0.653751
vn -0.587339 0.543226 0.599948
vn -0.582860 0.593564 0.554938
vn -0.566722 0.635663 0.524174
vn -0.540257 0.668107 0.511620
vn -0.504922 0.689827 0.518838
vn -0.462110 0.699654 0.544921
vn -0.580078 0.640895 0.502755
vn -0.596979 0.630544 0.496014
vn -0.609458 0.623063 0.490258
vn -0.614389 0.620406 0.487465
vn -0.489360 0.700163 0.519902
vn -0.488313 0.703517 0.516347
vn -0.563588 0.651559 0.507779
vn -0.547549 0.662540 0.511108
vn -0.886055 0.190024 0.422844
vn -0.853821 0.277445 0.440470
vn -0.267647 0.910567 0.315011
vn -0.290376 0.900906 0.322568
vn -0.244114 0.932993 0.264447
vn -0.294172 0.927900 0.229051
vn -0.233528 0.953551 0.190278
vn -0.472558 0.780337 0.409588
vn -0.484443 0.778360 0.399338
vn -0.445487 0.813219 0.374455
vn -0.567028 0.720412 0.399356
vn -0.507141 0.798289 0.324873
vn -0.517600 0.773544 0.365676
vn -0.486571 0.816455 0.310885
vn -0.590223 0.727129 0.350598
vn -0.689961 0.595356 0.411711
vn -0.565285 0.690038 0.451997
vn -0.598989 0.660594 0.452580
vn -0.565455 0.692073 0.448659
vn -0.670212 0.591651 0.448068
vn -0.666763 0.577848 0.470658
vn -0.599640 0.643657 0.475539
vn -0.476887 0.708800 0.519789
vn -0.509182 0.696284 0.505888
vn -0.519445 0.691473 0.502037
vn -0.601485 0.638093 0.480680
vn -0.529065 0.686273 0.499119
vn -0.589040 0.640520 0.492713
vn -0.496494 0.718726 0.486752
vn -0.338429 0.793329 0.506058
vn -0.453766 0.736682 0.501395
vn -0.430713 0.737559 0.520089
vn -0.361921 0.774115 0.519384
vn -0.335658 0.780876 0.526846
vn -0.380846 0.767340 0.515893
vn -0.461943 0.715739 0.523761
vn -0.460623 0.713693 0.527702
vn -0.398822 0.759042 0.514584
vn -0.416172 0.749080 0.515442
vn -0.432497 0.737672 0.518446
vn -0.341141 0.793630 0.503761
vn -0.772831 0.474018 0.421948
vn -0.783978 0.444058 0.433811
vn -0.741750 0.492012 0.455775
vn -0.741480 0.477384 0.471500
vn -0.807437 0.441350 0.391478
vn -0.805814 0.419754 0.417696
vn -0.796996 0.415161 0.438678
vn -0.804972 0.408716 0.430083
vn -0.844163 0.329920 0.422541
vn -0.811307 0.363166 0.458139
vn -0.855358 0.277944 0.437161
vn -0.787669 0.380008 0.484945
vn -0.811348 0.379749 0.444415
vn -0.804360 0.365586 0.468350
vn -0.818556 0.349553 0.455827
vn -0.837735 0.327408 0.437041
vn -0.830210 0.332112 0.447720
vn -0.157355 0.869938 0.467383
vn -0.232513 0.853190 0.466910
vn -0.343843 0.906855 0.243691
vn -0.488108 0.819034 0.301552
vn -0.399970 0.872381 0.281025
vn -0.343832 0.906824 0.243822
vn -0.395356 0.871769 0.289332
vn -0.602536 0.715794 0.352972
vn -0.591379 0.728553 0.345660
vn -0.670559 0.639199 0.376530
vn -0.612125 0.684895 0.395249
vn -0.602382 0.715611 0.353606
vn -0.695633 0.611424 0.377168
vn -0.747243 0.530968 0.399626
vn -0.743394 0.510696 0.431921
vn -0.776462 0.476244 0.412672
vn -0.746441 0.530397 0.401877
vn -0.752637 0.517046 0.407678
vn -0.792078 0.450266 0.412157
vn -0.163821 0.929057 0.331686
vn -0.223317 0.904069 0.364402
vn -0.181573 0.914926 0.360473
vn -0.158122 0.861587 0.482354
vn -0.174712 0.949813 0.259481
vn -0.260022 0.943899 0.203577
vn -0.260295 0.944891 0.198562
vn -0.494941 0.813938 0.304201
vn -0.555341 0.764617 0.327045
vn -0.554420 0.763349 0.331538
vn -0.495670 0.815137 0.299770
vn -0.611254 0.713008 0.343494
vn -0.798456 0.436281 0.414882
vn -0.805825 0.417916 0.419515
vn -0.806313 0.418169 0.418324
vn -0.800835 0.437582 0.408884
vn -0.794463 0.451621 0.406038
vn -0.851891 0.301651 0.428122
vn -0.852664 0.301924 0.426387
vn -0.346327 0.907644 0.237148
vn -0.385767 0.887119 0.253383
vn -0.346321 0.907629 0.237216
vn -0.385517 0.886544 0.255766
vn -0.614086 0.710129 0.344405
vn -0.611314 0.713078 0.343242
vn -0.614067 0.710107 0.344485
vn -0.632900 0.685865 0.359204
vn -0.631789 0.684661 0.363431
vn -0.696767 0.612420 0.373441
vn -0.760773 0.515699 0.394054
vn -0.757795 0.513680 0.402344
vn -0.760336 0.510011 0.402216
vn -0.702896 0.605309 0.373547
vn -0.763046 0.511829 0.394705
vn -0.801206 0.429217 0.416944
vn -0.260879 0.944418 0.200043
vn -0.260946 0.944658 0.198820
vn -0.560818 0.762589 0.322399
vn -0.498371 0.814431 0.297202
vn -0.560600 0.762293 0.323476
vn -0.616060 0.709648 0.341864
vn -0.802606 0.425294 0.418269
vn -0.805835 0.431697 0.405298
vn -0.820804 0.395494 0.412147
vn -0.818806 0.394531 0.417015
vn -0.807570 0.427925 0.405846
vn -0.855499 0.295093 0.425490
vn -0.854494 0.294746 0.427743
vn -0.345074 0.908750 0.234730
vn -0.387720 0.886039 0.254180
vn -0.387845 0.886325 0.252991
vn -0.498463 0.814582 0.296633
vn -0.345074 0.908750 0.234729
vn -0.616396 0.709298 0.341983
vn -0.640098 0.681992 0.353782
vn -0.703175 0.605549 0.372632
vn -0.616068 0.709657 0.341830
vn -0.640349 0.682260 0.352809
vn -0.616402 0.709304 0.341960
vn -0.704229 0.604104 0.372988
vn -0.762145 0.507492 0.401979
vn -0.765453 0.509694 0.392802
vn -0.762736 0.506674 0.401889
vn -0.704365 0.604221 0.372541
vn -0.765959 0.508816 0.392955
vn -0.803079 0.423908 0.418768
vn -0.263805 0.943611 0.200012
vn -0.263787 0.943548 0.200335
vn -0.497706 0.815153 0.296336
vn -0.397664 0.881116 0.255926
vn -0.170217 0.972334 0.159976
vn -0.348931 0.906981 0.235865
vn -0.562624 0.761694 0.321367
vn -0.562568 0.761619 0.321643
vn -0.497752 0.815229 0.296048
vn -0.497132 0.815696 0.295805
vn -0.618618 0.706991 0.342747
vn -0.645193 0.678287 0.351643
vn -0.618789 0.707188 0.342031
vn -0.619510 0.706430 0.342292
vn -0.803543 0.422515 0.419285
vn -0.748450 0.538653 0.386879
vn -0.784028 0.476435 0.397882
vn -0.809219 0.425500 0.405110
vn -0.821934 0.389063 0.415999
vn -0.824454 0.390256 0.409848
vn -0.808608 0.426826 0.404936
vn -0.834027 0.367799 0.411245
vn -0.861014 0.291278 0.416907
vn -0.176437 0.970775 0.162684
vn -0.854899 0.293082 0.428078
vn -0.856335 0.293575 0.424859
vn -0.704780 0.603881 0.372306
vn -0.856896 0.292551 0.424431
vn -0.881486 0.216025 0.419899
vn -0.839889 0.352552 0.412667
vn -0.829664 0.378687 0.410188
vn -0.150953 0.856102 0.494269
vn -0.150954 0.856102 0.494270
vn 0.000000 0.000000 -1.000000
vn 0.000000 0.000000 -1.000000
vn 0.000000 0.000000 -1.000000
vn 0.000000 0.000000 -1.000000
vn 0.000000 0.000000 -1.000000
vn 0.000000 0.000000 -1.000000
vn 0.000000 0.000000 -1.000000
vn 0.000000 0.000000 -1.000000
vn 0.000000 0.000000 -1.000000
vn 0.000000 0.000000 -1.000000
vn 0.000000 0.000000 -1.000000
vn 0.000000 0.000000 -1.000000
vn 0.000000 0.000000 -1.000000
vn 0.000000 0.000000 -1.000000
vn 0.000000 0.000000 -1.000000
vn 0.000000 0.000000 -1.000000
vn 0.000000 0.000000 -1.000000
vn 0.000000 0.000000 -1.000000
vn 0.000000 0.000000 -1.000000
vn 0.000000 0.000000 -1.000000
vn 0.000000 0.000000 -1.000000
vn 0.000000 0.000000 -1.000000
vn 0.000000 0.000000 -1.000000
vn 0.000000 0.000000 -1.000000
vn 0.000000 0.000000 -1.000000
vn 0.000000 0.000000 -1.000000
vn 0.000000 0.000000 -1.000000
vn 0.000000 0.000000 -1.000000
vn 0.000000 0.000000 -1.000000
vn 0.000000 0.000000 -1.000000
vn 0.000000 0.000000 -1.000000
vn 0.000000 0.000000 -1.000000
vn 0.000000 0.000000 -1.000000
vn 0.000000 0.000000 -1.000000
vn 0.000000 0.000000 -1.000000
vn 0.000000 0.000000 -1.000000
vn 0.000000 0.000000 -1.000000
vn 0.000000 0.000000 -1.000000
vn 0.000000 0.000000 -1.000000
vn 0.000000 0.000000 -1.000000
vn 0.000000 0.000000 -1.000000
vn 0.000000 0.000000 -1.000000
vn 0.000000 0.000000 -1.000000
vn 0.000000 0.000000 -1.000000
vn 0.000000 0.000000 -1.000000
vn 0.000000 0.000000 -1.000000
vn 0.000000 0.000000 -1.000000
vn 0.000000 0.000000 -1.000000
vn 0.000000 0.000000 -1.000000
vn 0.000000 0.000000 -1.000000
vn 0.000000 0.000000 -1.000000
vn 0.000000 0.000000 -1.000000
vn 0.000000 0.000000 -1.000000
vn 0.000000 0.000000 -1.000000
vn 0.000000 0.000000 -1.000000
vn 0.000000 0.000000 -1.000000
vn 0.000000 0.000000 -1.000000
vn 0.000000 0.000000 -1.000000
vn 0.000000 0.000000 -1.000000
vn 0.000000 0.000000 -1.000000
vn 0.000000 0.000000 -1.000000
vn 0.000000 0.000000 -1.000000
vn 0.000000 0.000000 -1.000000
vn 0.000000 0.000000 -1.000000
vn 0.000000 0.000000 -1.000000
vn 0.000000 0.000000 -1.000000
vn 0.000000 0.000000 -1.000000
vn 0.000000 0.000000 -1.000000
vn 0.000000 0.000000 -1.000000
vn 0.000000 0.000000 -1.000000
vn 0.000000 0.000000 -1.000000
vn 0.000000 0.000000 -1.000000
vn 0.000000 0.000000 -1.000000
vn 0.000000 0.000000 -1.000000
vn 0.000000 0.000000 -1.000000
vn 0.000000 0.000000 -1.000000
vn 0.000000 0.000000 -1.000000
vn 0.000000 0.000000 -1.000000
vn 0.000000 0.000000 -1.000000
vn 0.000000 0.000000 -1.000000
vn 0.000000 0.000000 -1.000000
vn 0.000000 0.000000 -1.000000
vn 0.000000 0.000000 -1.000000
vn 0.000000 0.000000 -1.000000
vn 0.000000 0.000000 -1.000000
vn 0.000000 0.000000 -1.000000
vn 0.000000 0.000000 -1.000000
vn 0.000000 0.000000 -1.000000
vn 0.000000 0.000000 -1.000000
vn 0.000000 0.000000 -1.000000
vn 0.000000 0.000000 -1.000000
vn 0.000000 0.000000 -1.000000
vn 0.000000 0.000000 -1.000000
vn 0.000000 0.000000 -1.000000
vn 0.000000 -0.000000 -1.000000
vn 0.000000 -0.000000 -1.000000
vn 0.000000 0.000000 -1.000000
vn 0.000000 0.000000 -1.000000
vn 0.000000 0.000000 -1.000000
vn 0.000000 -0.000000 -1.000000
vn 0.000000 0.000000 -1.000000
vn 0.000000 0.000000 -1.000000
vn 0.000000 0.000000 -1.000000
vn 0.000000 -0.000000 -1.000000
vn 0.000000 0.000000 -1.000000
vn 0.000000 0.000000 -1.000000
vn 0.000000 -0.000000 -1.000000
vn 0.000000 0.000000 -1.000000
vn 0.000000 -0.000000 -1.000000
vn 0.000000 0.000000 -1.000000
vn 0.000000 0.000000 -1.000000
vn 0.000000 0.000000 -1.000000
vn 0.000000 0.000000 -1.000000
vn 0.000000 0.000000 -1.000000
vn 0.000000 0.000000 -1.000000
vn 0.000000 0.000000 -1.000000
vn 0.000000 0.000000 -1.000000
vn 0.000000 0.000000 -1.000000
vn 0.000000 -0.000000 -1.000000
vn 0.000000 0.000000 -1.000000
vn 0.000000 0.000000 -1.000000
vn 0.000000 0.000000 -1.000000
f 1//1 2//1 3//1
f 4//2 3//2 5//2
f 4//3 1//3 3//3
f 6//4 5//4 7//4
f 6//5 4//5 5//5
f 8//6 7//6 9//6
f 8//7 6//7 7//7
f 10//8 9//8 11//8
f 10//9 8//9 9//9
f 12//10 11//10 13//10
f 12//11 10//11 11//11
f 14//12 13//12 15//12
f 14//13 12//13 13//13
f 16//14 14//14 15//14
f 16//15 15//15 17//15
f 18//16 16//16 17//16
f 18//17 17//17 19//17
f 20//18 19//18 21//18
f 20//19 18//19 19//19
f 22//20 21//20 23//20
f 22//21 20//21 21//21
f 24//22 23//22 25//22
f 24//23 22//23 23//23
f 26//24 25//24 27//24
f 26//25 24//25 25//25
f 28//26 27//26 29//26
f 28//27 26//27 27//27
f 30//28 29//28 31//28
f 30//29 31//29 32//29
f 30//30 28//30 29//30
f 33//31 32//31 34//31
f 33//32 30//32 32//32
f 35//33 34//33 36//33
f 35//34 33//34 34//34
f 37//35 36//35 38//35
f 37//36 35//36 36//36
f 39//37 38//37 40//37
f 39//38 37//38 38//38
f 41//39 40//39 42//39
f 41//40 39//40 40//40
f 43//41 42//41 44//41
f 43//42 41//42 42//42
f 45//43 44//43 46//43
f 45//44 43//44 44//44
f 47//45 46//45 48//45
f 47//46 45//46 46//46
f 49//47 48//47 50//47
f 49//48 47//48 48//48
f 51//49 49//49 50//49
f 51//50 50//50 52//50
f 53//51 52//51 54//51
f 53//52 51//52 52//52
f 55//53 54//53 56//53
f 55//54 53//54 54//54
f 57//55 56//55 58//55
f 57//56 55//56 56//56
f 59//57 58//57 60//57
f 59//58 57//58 58//58
f 61//59 60//59 62//59
f 61//60 62//60 63//60
f 61//61 64//61 59//61
f 61//62 65//62 64//62
f 61//63 66//63 65//63
f 61//64 67//64 66//64
f 61//65 63//65 67//65
f 61//66 59//66 60//66
f 68//67 62//67 69//67
f 68//68 70//68 62//68
f 68//69 71//69 70//69
f 72//70 73//70 63//70
f 72//71 63//71 71//71
f 72//72 71//72 68//72
f 74//73 63//73 62//73
f 74//74 71//74 63//74
f 74//75 62//75 70//75
f 74//76 70//76 71//76
f 75//77 69//77 73//77
f 75//78 73//78 72//78
f 75//79 68//79 69//79
f 75//80 72//80 68//80
f 76//81 77//81 78//81
f 79//82 80//82 73//82
f 79//83 73//83 81//83
f 82//84 69//84 83//84
f 82//85 76//85 78//85
f 82//86 78//86 69//86
f 82//87 83//87 76//87
f 84//88 73//88 69//88
f 84//89 81//89 73//89
f 84//90 69//90 78//90
f 84//91 78//91 77//91
f 85//92 83//92 80//92
f 85//93 80//93 79//93
f 85//94 81//94 84//94
f 85//95 77//95 76//95
f 85//96 76//96 83//96
f 85//97 79//97 81//97
f 85//98 84//98 77//98
f 86//99 80//99 83//99
f 86//100 87//100 80//100
f 88//101 86//101 83//101
f 88//102 87//102 86//102
f 89//103 83//103 90//103
f 89//104 91//104 92//104
f 89//105 88//105 83//105
f 89//106 92//106 87//106
f 89//107 90//107 91//107
f 89//108 87//108 88//108
f 93//109 94//109 80//109
f 93//110 92//110 91//110
f 93//111 80//111 87//111
f 93//112 87//112 92//112
f 95//113 90//113 94//113
f 95//114 94//114 93//114
f 95//115 91//115 90//115
f 95//116 93//116 91//116
f 94//117 90//117 96//117
f 94//118 96//118 97//118
f 94//119 97//119 98//119
f 99//120 98//120 100//120
f 99//121 100//121 101//121
f 99//122 101//122 102//122
f 99//123 94//123 98//123
f 103//124 99//124 102//124
f 104//125 105//125 106//125
f 104//126 106//126 107//126
f 104//127 107//127 108//127
f 109//128 110//128 104//128
f 111//129 112//129 113//129
f 114//130 111//130 113//130
f 114//131 113//131 115//131
f 116//132 115//132 117//132
f 116//133 117//133 118//133
f 116//134 114//134 115//134
f 119//135 118//135 120//135
f 119//136 116//136 118//136
f 121//137 119//137 120//137
f 122//138 121//138 120//138
f 123//139 122//139 120//139
f 124//140 102//140 125//140
f 124//141 125//141 126//141
f 124//142 126//142 127//142
f 124//143 127//143 128//143
f 124//144 128//144 129//144
f 124//145 129//145 130//145
f 124//146 130//146 105//146
f 124//147 131//147 102//147
f 124//148 105//148 104//148
f 124//149 104//149 110//149
f 132//150 133//150 134//150
f 132//151 135//151 133//151
f 132//152 134//152 131//152
f 132//153 109//153 136//153
f 132//154 137//154 135//154
f 132//155 110//155 109//155
f 132//156 136//156 137//156
f 132//157 124//157 110//157
f 132//158 131//158 124//158
f 138//159 102//159 131//159
f 138//160 103//160 102//160
f 139//161 131//161 134//161
f 139//162 138//162 131//162
f 140//163 136//163 109//163
f 141//164 142//164 143//164
f 144//165 142//165 141//165
f 144//166 145//166 142//166
f 146//167 147//167 148//167
f 146//168 149//168 150//168
f 146//169 150//169 147//169
f 146//170 145//170 144//170
f 146//171 148//171 145//171
f 151//172 115//172 113//172
f 151//173 117//173 115//173
f 152//174 153//174 154//174
f 152//175 111//175 155//175
f 152//176 148//176 147//176
f 152//177 150//177 149//177
f 152//178 147//178 150//178
f 152//179 156//179 153//179
f 152//180 149//180 157//180
f 152//181 158//181 159//181
f 152//182 154//182 112//182
f 152//183 159//183 156//183
f 152//184 112//184 111//184
f 152//185 145//185 148//185
f 152//186 157//186 158//186
f 152//187 142//187 145//187
f 160//188 143//188 142//188
f 160//189 103//189 143//189
f 160//190 99//190 103//190
f 161//191 160//191 162//191
f 163//192 164//192 165//192
f 163//193 165//193 166//193
f 167//194 164//194 163//194
f 168//195 134//195 133//195
f 168//196 133//196 135//196
f 168//197 139//197 134//197
f 168//198 136//198 140//198
f 168//199 169//199 139//199
f 168//200 135//200 137//200
f 168//201 137//201 136//201
f 170//202 138//202 139//202
f 170//203 141//203 143//203
f 170//204 143//204 103//204
f 170//205 139//205 169//205
f 170//206 146//206 144//206
f 170//207 144//207 141//207
f 170//208 169//208 146//208
f 170//209 103//209 138//209
f 171//210 172//210 173//210
f 171//211 140//211 172//211
f 171//212 168//212 140//212
f 171//213 169//213 168//213
f 174//214 154//214 153//214
f 174//215 153//215 156//215
f 174//216 157//216 149//216
f 174//217 159//217 158//217
f 174//218 156//218 159//218
f 174//219 112//219 154//219
f 174//220 113//220 112//220
f 174//221 146//221 169//221
f 174//222 149//222 146//222
f 174//223 158//223 157//223
f 174//224 171//224 151//224
f 174//225 169//225 171//225
f 174//226 151//226 113//226
f 175//227 162//227 160//227
f 175//228 160//228 142//228
f 175//229 142//229 152//229
f 176//230 117//230 151//230
f 176//231 151//231 177//231
f 176//232 118//232 117//232
f 176//233 177//233 178//233
f 176//234 120//234 118//234
f 179//235 152//235 155//235
f 179//236 175//236 152//236
f 179//237 161//237 162//237
f 179//238 180//238 161//238
f 179//239 166//239 180//239
f 179//240 181//240 167//240
f 179//241 162//241 175//241
f 179//242 163//242 166//242
f 179//243 167//243 163//243
f 182//244 183//244 184//244
f 182//245 123//245 120//245
f 182//246 185//246 123//246
f 182//247 186//247 185//247
f 182//248 184//248 186//248
f 182//249 120//249 176//249
f 187//250 188//250 99//250
f 187//251 189//251 188//251
f 187//252 190//252 189//252
f 187//253 191//253 190//253
f 187//254 192//254 191//254
f 187//255 193//255 192//255
f 187//256 165//256 193//256
f 187//257 161//257 180//257
f 187//258 180//258 166//258
f 187//259 166//259 165//259
f 187//260 160//260 161//260
f 187//261 99//261 160//261
f 194//262 111//262 114//262
f 194//263 155//263 111//263
f 194//264 114//264 116//264
f 194//265 179//265 155//265
f 194//266 181//266 179//266
f 195//267 123//267 185//267
f 195//268 185//268 186//268
f 196//269 195//269 186//269
f 196//270 186//270 184//270
f 197//271 198//271 164//271
f 197//272 199//272 198//272
f 197//273 200//273 199//273
f 197//274 201//274 200//274
f 197//275 202//275 201//275
f 197//276 164//276 167//276
f 197//277 167//277 181//277
f 203//278 204//278 205//278
f 203//279 206//279 204//279
f 203//280 207//280 206//280
f 203//281 208//281 207//281
f 203//282 209//282 208//282
f 203//283 210//283 211//283
f 203//284 211//284 209//284
f 212//285 213//285 214//285
f 212//286 214//286 215//286
f 212//287 211//287 216//287
f 212//288 217//288 209//288
f 212//289 218//289 217//289
f 212//290 219//290 218//290
f 212//291 220//291 219//291
f 212//292 221//292 220//292
f 212//293 215//293 221//293
f 212//294 216//294 222//294
f 212//295 222//295 213//295
f 212//296 209//296 211//296
f 223//297 104//297 108//297
f 223//298 109//298 104//298
f 224//299 140//299 109//299
f 224//300 172//300 140//300
f 224//301 109//301 223//301
f 225//302 173//302 172//302
f 225//303 172//303 224//303
f 225//304 224//304 226//304
f 225//305 226//305 173//305
f 227//306 214//306 183//306
f 228//307 123//307 195//307
f 228//308 229//308 194//308
f 228//309 194//309 116//309
f 228//310 116//310 119//310
f 228//311 119//311 121//311
f 228//312 121//312 122//312
f 228//313 122//313 123//313
f 230//314 194//314 229//314
f 230//315 197//315 181//315
f 230//316 181//316 194//316
f 231//317 196//317 184//317
f 231//318 184//318 183//318
f 231//319 183//319 214//319
f 232//320 228//320 195//320
f 232//321 203//321 229//321
f 232//322 210//322 203//322
f 232//323 195//323 196//323
f 232//324 196//324 210//324
f 232//325 229//325 228//325
f 233//326 196//326 231//326
f 233//327 214//327 213//327
f 233//328 216//328 211//328
f 233//329 211//329 210//329
f 233//330 210//330 196//330
f 233//331 222//331 216//331
f 233//332 231//332 214//332
f 233//333 213//333 222//333
f 234//334 229//334 203//334
f 234//335 235//335 202//335
f 234//336 205//336 235//336
f 234//337 203//337 205//337
f 234//338 202//338 197//338
f 234//339 230//339 229//339
f 234//340 197//340 230//340
f 236//341 237//341 226//341
f 236//342 226//342 224//342
f 238//343 226//343 237//343
f 238//344 237//344 178//344
f 238//345 173//345 226//345
f 239//346 182//346 176//346
f 239//347 178//347 237//347
f 239//348 227//348 183//348
f 239//349 183//349 182//349
f 239//350 176//350 178//350
f 240//351 173//351 238//351
f 240//352 171//352 173//352
f 240//353 151//353 171//353
f 241//354 151//354 240//354
f 241//355 177//355 151//355
f 241//356 178//356 177//356
f 241//357 238//357 178//357
f 241//358 240//358 238//358
f 242//359 214//359 227//359
f 242//360 239//360 237//360
f 242//361 227//361 239//361
f 243//362 236//362 224//362
f 244//363 242//363 237//363
f 244//364 214//364 242//364
f 245//365 223//365 108//365
f 245//366 224//366 223//366
f 245//367 243//367 224//367
f 246//368 237//368 236//368
f 246//369 108//369 215//369
f 246//370 215//370 214//370
f 246//371 236//371 243//371
f 246//372 244//372 237//372
f 246//373 214//373 244//373
f 246//374 243//374 245//374
f 246//375 245//375 108//375
f 247//376 248//376 249//376
f 247//377 249//377 250//377
f 251//378 108//378 252//378
f 251//379 252//379 253//379
f 254//380 253//380 255//380
f 254//381 251//381 253//381
f 256//382 250//382 249//382
f 256//383 108//383 251//383
f 256//384 251//384 254//384
f 257//385 258//385 259//385
f 257//386 259//386 260//386
f 257//387 260//387 261//387
f 257//388 261//388 262//388
f 257//389 262//389 263//389
f 257//390 263//390 264//390
f 257//391 247//391 250//391
f 257//392 264//392 247//392
f 265//393 264//393 215//393
f 265//394 247//394 264//394
f 266//395 255//395 267//395
f 266//396 267//396 268//396
f 266//397 268//397 258//397
f 266//398 254//398 255//398
f 266//399 258//399 257//399
f 266//400 250//400 256//400
f 266//401 256//401 254//401
f 266//402 257//402 250//402
f 269//403 270//403 271//403
f 269//404 249//404 248//404
f 269//405 248//405 270//405
f 272//406 269//406 271//406
f 273//407 265//407 215//407
f 273//408 247//408 265//408
f 274//409 249//409 269//409
f 274//410 269//410 272//410
f 275//411 273//411 215//411
f 275//412 247//412 273//412
f 276//413 249//413 274//413
f 276//414 274//414 272//414
f 277//415 247//415 275//415
f 277//416 275//416 215//416
f 278//417 249//417 276//417
f 279//418 271//418 270//418
f 279//419 270//419 248//419
f 279//420 247//420 277//420
f 279//421 248//421 247//421
f 279//422 272//422 271//422
f 279//423 277//423 215//423
f 279//424 276//424 272//424
f 279//425 278//425 276//425
f 280//426 215//426 108//426
f 280//427 256//427 249//427
f 280//428 108//428 256//428
f 280//429 249//429 278//429
f 280//430 279//430 215//430
f 280//431 278//431 279//431
f 281//432 263//432 282//432
f 281//433 282//433 283//433
f 281//434 283//434 264//434
f 281//435 264//435 263//435
f 59//436 284//436 285//436
f 57//437 285//437 286//437
f 57//438 59//438 285//438
f 55//439 286//439 287//439
f 55//440 57//440 286//440
f 53//441 287//441 288//441
f 53//442 55//442 287//442
f 51//443 288//443 289//443
f 51//444 53//444 288//444
f 49//445 289//445 290//445
f 49//446 51//446 289//446
f 47//447 290//447 291//447
f 47//448 49//448 290//448
f 45//449 291//449 292//449
f 45//450 47//450 291//450
f 43//451 292//451 293//451
f 43//452 45//452 292//452
f 41//453 293//453 294//453
f 41//454 43//454 293//454
f 39//455 294//455 295//455
f 39//456 41//456 294//456
f 37//457 39//457 295//457
f 37//458 295//458 296//458
f 35//459 296//459 297//459
f 35//460 37//460 296//460
f 33//461 297//461 298//461
f 33//462 35//462 297//462
f 30//463 298//463 299//463
f 30//464 33//464 298//464
f 28//465 299//465 300//465
f 28//466 30//466 299//466
f 26//467 300//467 301//467
f 26//468 28//468 300//468
f 24//469 26//469 301//469
f 22//470 301//470 302//470
f 22//471 24//471 301//471
f 20//472 302//472 303//472
f 20//473 22//473 302//473
f 18//474 303//474 304//474
f 18//475 304//475 305//475
f 18//476 20//476 303//476
f 16//477 18//477 305//477
f 14//478 305//478 306//478
f 14//479 16//479 305//479
f 12//480 306//480 307//480
f 12//481 14//481 306//481
f 10//482 307//482 308//482
f 10//483 12//483 307//483
f 8//484 308//484 309//484
f 8//485 10//485 308//485
f 6//486 309//486 310//486
f 6//487 8//487 309//487
f 4//488 310//488 311//488
f 4//489 311//489 312//489
f 4//490 6//490 310//490
f 1//491 4//491 312//491
f 2//492 1//492 313//492
f 313//493 314//493 315//493
f 1//494 314//494 313//494
f 315//495 316//495 317//495
f 314//496 316//496 315//496
f 317//497 318//497 319//497
f 316//498 318//498 317//498
f 319//499 320//499 321//499
f 318//500 320//500 319//500
f 321//501 322//501 323//501
f 320//502 322//502 321//502
f 323//503 324//503 325//503
f 322//504 324//504 323//504
f 324//505 326//505 325//505
f 325//506 326//506 327//506
f 326//507 328//507 327//507
f 327//508 328//508 329//508
f 329//509 330//509 331//509
f 328//510 330//510 329//510
f 331//511 332//511 333//511
f 330//512 332//512 331//512
f 333//513 334//513 335//513
f 332//514 334//514 333//514
f 335//515 336//515 337//515
f 334//516 336//516 335//516
f 337//517 338//517 339//517
f 336//518 338//518 337//518
f 339//519 340//519 341//519
f 341//520 340//520 342//520
f 338//521 340//521 339//521
f 342//522 343//522 344//522
f 340//523 343//523 342//523
f 344//524 345//524 346//524
f 343//525 345//525 344//525
f 346//526 347//526 348//526
f 345//527 347//527 346//527
f 348//528 349//528 350//528
f 347//529 349//529 348//529
f 350//530 351//530 352//530
f 349//531 351//531 350//531
f 352//532 353//532 354//532
f 351//533 353//533 352//533
f 354//534 355//534 356//534
f 353//535 355//535 354//535
f 356//536 357//536 358//536
f 355//537 357//537 356//537
f 358//538 359//538 360//538
f 357//539 359//539 358//539
f 359//540 361//540 360//540
f 360//541 361//541 362//541
f 362//542 363//542 364//542
f 361//543 363//543 362//543
f 364//544 365//544 366//544
f 363//545 365//545 364//545
f 366//546 367//546 368//546
f 365//547 367//547 366//547
f 368//548 369//548 370//548
f 367//549 369//549 368//549
f 67//550 63//550 371//550
f 66//551 371//551 284//551
f 66//552 67//552 371//552
f 65//553 66//553 284//553
f 64//554 65//554 284//554
f 59//555 64//555 284//555
f 63//556 372//556 371//556
f 63//557 73//557 372//557
f 373//558 374//558 372//558
f 373//559 372//559 73//559
f 373//560 73//560 80//560
f 373//561 80//561 374//561
f 375//562 376//562 374//562
f 375//563 374//563 80//563
f 375//564 80//564 94//564
f 375//565 94//565 376//565
f 377//566 378//566 376//566
f 377//567 379//567 378//567
f 377//568 380//568 379//568
f 381//569 94//569 99//569
f 381//570 99//570 382//570
f 381//571 382//571 380//571
f 383//572 99//572 378//572
f 383//573 378//573 379//573
f 383//574 382//574 99//574
f 383//575 379//575 380//575
f 383//576 380//576 382//576
f 384//577 376//577 94//577
f 384//578 94//578 381//578
f 384//579 380//579 377//579
f 384//580 377//580 376//580
f 384//581 381//581 380//581
f 385//582 215//582 386//582
f 387//583 388//583 389//583
f 387//584 389//584 390//584
f 387//585 391//585 392//585
f 387//586 390//586 393//586
f 387//587 392//587 388//587
f 394//588 199//588 200//588
f 395//589 193//589 165//589
f 396//590 385//590 386//590
f 397//591 389//591 388//591
f 397//592 391//592 398//592
f 397//593 398//593 399//593
f 397//594 390//594 389//594
f 397//595 392//595 391//595
f 397//596 385//596 396//596
f 397//597 393//597 390//597
f 397//598 388//598 392//598
f 397//599 399//599 385//599
f 400//600 393//600 397//600
f 401//601 393//601 400//601
f 402//602 403//602 404//602
f 402//603 393//603 401//603
f 402//604 401//604 403//604
f 405//605 406//605 407//605
f 405//606 407//606 387//606
f 405//607 408//607 406//607
f 405//608 409//608 410//608
f 405//609 411//609 409//609
f 405//610 410//610 408//610
f 405//611 387//611 393//611
f 405//612 393//612 402//612
f 412//613 398//613 391//613
f 412//614 399//614 398//614
f 412//615 391//615 387//615
f 412//616 385//616 399//616
f 413//617 411//617 414//617
f 413//618 414//618 415//618
f 413//619 415//619 416//619
f 417//620 413//620 416//620
f 417//621 418//621 413//621
f 419//622 417//622 416//622
f 419//623 418//623 417//623
f 420//624 418//624 419//624
f 420//625 419//625 416//625
f 421//626 418//626 420//626
f 421//627 420//627 416//627
f 422//628 418//628 421//628
f 422//629 421//629 416//629
f 423//630 418//630 422//630
f 423//631 422//631 416//631
f 424//632 423//632 416//632
f 424//633 418//633 423//633
f 425//634 418//634 424//634
f 425//635 424//635 416//635
f 426//636 418//636 425//636
f 427//637 428//637 418//637
f 427//638 418//638 426//638
f 429//639 413//639 418//639
f 429//640 430//640 431//640
f 429//641 432//641 430//641
f 429//642 394//642 432//642
f 429//643 433//643 434//643
f 429//644 431//644 435//644
f 429//645 435//645 433//645
f 436//646 209//646 217//646
f 437//647 209//647 436//647
f 438//648 208//648 209//648
f 438//649 209//649 437//649
f 439//650 208//650 438//650
f 440//651 207//651 208//651
f 440//652 208//652 439//652
f 441//653 207//653 440//653
f 441//654 434//654 433//654
f 442//655 443//655 444//655
f 445//656 165//656 164//656
f 445//657 164//657 198//657
f 445//658 198//658 199//658
f 445//659 394//659 429//659
f 445//660 199//660 394//660
f 445//661 395//661 165//661
f 446//662 99//662 188//662
f 446//663 188//663 189//663
f 446//664 189//664 190//664
f 446//665 190//665 191//665
f 446//666 191//666 192//666
f 446//667 192//667 193//667
f 446//668 193//668 395//668
f 446//669 395//669 447//669
f 446//670 447//670 448//670
f 446//671 448//671 449//671
f 446//672 449//672 450//672
f 451//673 397//673 396//673
f 451//674 396//674 452//674
f 451//675 452//675 453//675
f 451//676 453//676 403//676
f 451//677 400//677 397//677
f 451//678 401//678 400//678
f 451//679 403//679 401//679
f 454//680 453//680 455//680
f 456//681 457//681 404//681
f 458//682 407//682 406//682
f 458//683 387//683 407//683
f 458//684 406//684 408//684
f 458//685 410//685 409//685
f 458//686 409//686 411//686
f 458//687 408//687 410//687
f 458//688 411//688 413//688
f 458//689 412//689 387//689
f 459//690 457//690 460//690
f 461//691 413//691 429//691
f 461//692 429//692 434//692
f 461//693 458//693 413//693
f 461//694 412//694 458//694
f 462//695 385//695 412//695
f 462//696 215//696 385//696
f 463//697 425//697 416//697
f 463//698 426//698 425//698
f 463//699 427//699 426//699
f 463//700 464//700 465//700
f 466//701 465//701 464//701
f 466//702 464//702 467//702
f 468//703 428//703 427//703
f 468//704 463//704 465//704
f 468//705 469//705 428//705
f 468//706 443//706 469//706
f 468//707 427//707 463//707
f 470//708 217//708 218//708
f 470//709 218//709 219//709
f 470//710 219//710 220//710
f 470//711 220//711 221//711
f 470//712 221//712 215//712
f 470//713 215//713 462//713
f 470//714 462//714 436//714
f 470//715 436//715 217//715
f 471//716 429//716 418//716
f 471//717 442//717 395//717
f 471//718 443//718 442//718
f 471//719 395//719 445//719
f 471//720 445//720 429//720
f 471//721 418//721 428//721
f 471//722 428//722 469//722
f 471//723 469//723 443//723
f 472//724 200//724 201//724
f 472//725 201//725 202//725
f 472//726 202//726 235//726
f 472//727 235//727 205//727
f 472//728 205//728 204//728
f 472//729 204//729 206//729
f 472//730 206//730 207//730
f 472//731 431//731 430//731
f 472//732 430//732 432//732
f 472//733 394//733 200//733
f 472//734 432//734 394//734
f 472//735 207//735 441//735
f 472//736 441//736 433//736
f 472//737 435//737 431//737
f 472//738 433//738 435//738
f 473//739 99//739 446//739
f 473//740 446//740 450//740
f 474//741 453//741 452//741
f 474//742 455//742 453//742
f 475//743 455//743 474//743
f 475//744 454//744 455//744
f 475//745 474//745 378//745
f 476//746 404//746 403//746
f 476//747 403//747 453//747
f 476//748 453//748 477//748
f 476//749 456//749 404//749
f 478//750 476//750 477//750
f 478//751 456//751 476//751
f 478//752 477//752 479//752
f 480//753 456//753 478//753
f 481//754 457//754 459//754
f 481//755 464//755 402//755
f 481//756 404//756 457//756
f 481//757 402//757 404//757
f 481//758 459//758 467//758
f 481//759 467//759 464//759
f 482//760 464//760 463//760
f 482//761 411//761 405//761
f 482//762 414//762 411//762
f 482//763 415//763 414//763
f 482//764 463//764 416//764
f 482//765 416//765 415//765
f 482//766 402//766 464//766
f 482//767 405//767 402//767
f 483//768 462//768 412//768
f 483//769 461//769 434//769
f 483//770 412//770 461//770
f 484//771 437//771 436//771
f 484//772 436//772 462//772
f 484//773 438//773 437//773
f 484//774 483//774 434//774
f 484//775 434//775 441//775
f 484//776 439//776 438//776
f 484//777 440//777 439//777
f 484//778 441//778 440//778
f 484//779 462//779 483//779
f 485//780 466//780 486//780
f 485//781 465//781 466//781
f 487//782 468//782 465//782
f 487//783 443//783 468//783
f 487//784 444//784 443//784
f 488//785 465//785 485//785
f 488//786 487//786 465//786
f 488//787 444//787 487//787
f 489//788 444//788 488//788
f 490//789 395//789 442//789
f 490//790 473//790 450//790
f 490//791 447//791 395//791
f 490//792 442//792 444//792
f 490//793 448//793 447//793
f 490//794 449//794 448//794
f 490//795 444//795 489//795
f 490//796 450//796 449//796
f 491//797 396//797 386//797
f 491//798 452//798 396//798
f 492//799 454//799 475//799
f 493//800 479//800 477//800
f 493//801 453//801 454//801
f 493//802 454//802 492//802
f 493//803 477//803 453//803
f 494//804 480//804 478//804
f 495//805 456//805 480//805
f 495//806 460//806 457//806
f 495//807 457//807 456//807
f 495//808 480//808 494//808
f 496//809 460//809 497//809
f 496//810 459//810 460//810
f 498//811 466//811 467//811
f 498//812 486//812 466//812
f 498//813 459//813 496//813
f 498//814 467//814 459//814
f 499//815 486//815 498//815
f 500//816 386//816 378//816
f 500//817 474//817 452//817
f 500//818 452//818 491//818
f 500//819 491//819 386//819
f 500//820 378//820 474//820
f 501//821 492//821 475//821
f 501//822 475//822 378//822
f 502//823 479//823 493//823
f 503//824 478//824 479//824
f 503//825 494//825 478//825
f 503//826 479//826 502//826
f 504//827 494//827 503//827
f 505//828 499//828 498//828
f 506//829 485//829 486//829
f 506//830 488//830 485//830
f 506//831 499//831 505//831
f 506//832 486//832 499//832
f 507//833 490//833 489//833
f 507//834 489//834 488//834
f 508//835 492//835 501//835
f 509//836 502//836 493//836
f 509//837 492//837 508//837
f 509//838 493//838 492//838
f 510//839 504//839 503//839
f 511//840 494//840 504//840
f 511//841 504//841 510//841
f 511//842 495//842 494//842
f 511//843 460//843 495//843
f 511//844 497//844 460//844
f 512//845 496//845 497//845
f 512//846 498//846 496//846
f 513//847 498//847 512//847
f 513//848 497//848 514//848
f 513//849 512//849 497//849
f 515//850 505//850 498//850
f 516//851 508//851 501//851
f 516//852 501//852 378//852
f 517//853 503//853 502//853
f 517//854 502//854 518//854
f 517//855 510//855 503//855
f 519//856 510//856 517//856
f 520//857 515//857 498//857
f 521//858 505//858 515//858
f 521//859 506//859 505//859
f 521//860 488//860 506//860
f 521//861 515//861 520//861
f 522//862 490//862 507//862
f 522//863 507//863 488//863
f 523//864 508//864 516//864
f 524//865 502//865 509//865
f 524//866 509//866 508//866
f 524//867 518//867 502//867
f 524//868 508//868 523//868
f 525//869 519//869 517//869
f 526//870 497//870 511//870
f 526//871 514//871 497//871
f 526//872 510//872 519//872
f 526//873 511//873 510//873
f 526//874 519//874 525//874
f 527//875 514//875 526//875
f 528//876 498//876 513//876
f 528//877 513//877 514//877
f 529//878 498//878 528//878
f 529//879 514//879 527//879
f 529//880 528//880 514//880
f 530//881 520//881 498//881
f 531//882 516//882 378//882
f 531//883 523//883 516//883
f 532//884 518//884 524//884
f 532//885 524//885 523//885
f 532//886 531//886 378//886
f 532//887 523//887 531//887
f 533//888 517//888 518//888
f 533//889 525//889 517//889
f 533//890 518//890 532//890
f 533//891 532//891 527//891
f 534//892 526//892 525//892
f 534//893 527//893 526//893
f 534//894 525//894 533//894
f 534//895 533//895 527//895
f 535//896 530//896 498//896
f 535//897 529//897 527//897
f 535//898 498//898 529//898
f 536//899 530//899 535//899
f 536//900 488//900 521//900
f 536//901 521//901 520//901
f 536//902 520//902 530//902
f 537//903 488//903 536//903
f 537//904 378//904 99//904
f 537//905 532//905 378//905
f 537//906 522//906 488//906
f 537//907 490//907 522//907
f 537//908 527//908 532//908
f 537//909 473//909 490//909
f 537//910 99//910 473//910
f 537//911 536//911 535//911
f 537//912 535//912 527//912
f 215//913 538//913 386//913
f 215//914 264//914 538//914
f 539//915 540//915 282//915
f 282//916 540//916 283//916
f 283//917 540//917 541//917
f 541//918 540//918 539//918
f 264//919 542//919 538//919
f 264//920 283//920 542//920
f 370//921 543//921 544//921
f 544//922 543//922 545//922
f 546//923 543//923 369//923
f 547//924 543//924 546//924
f 548//925 543//925 547//925
f 549//926 543//926 548//926
f 545//927 543//927 549//927
f 369//928 543//928 370//928
f 544//929 550//929 551//929
f 552//930 550//930 544//930
f 553//931 550//931 552//931
f 554//932 555//932 545//932
f 545//933 555//933 553//933
f 553//934 555//934 550//934
f 545//935 556//935 544//935
f 553//936 556//936 545//936
f 544//937 556//937 552//937
f 552//938 556//938 553//938
f 551//939 557//939 554//939
f 554//940 557//940 555//940
f 550//941 557//941 551//941
f 555//942 557//942 550//942
f 558//943 559//943 560//943
f 561//944 562//944 554//944
f 554//945 562//945 563//945
f 551//946 564//946 565//946
f 559//947 564//947 560//947
f 560//948 564//948 551//948
f 565//949 564//949 559//949
f 554//950 566//950 551//950
f 563//951 566//951 554//951
f 551//952 566//952 560//952
f 560//953 566//953 558//953
f 565//954 567//954 561//954
f 561//955 567//955 562//955
f 563//956 567//956 566//956
f 558//957 567//957 559//957
f 559//958 567//958 565//958
f 562//959 567//959 563//959
f 566//960 567//960 558//960
f 561//961 568//961 565//961
f 569//962 568//962 561//962
f 568//963 570//963 565//963
f 569//964 570//964 568//964
f 565//965 571//965 572//965
f 573//966 571//966 574//966
f 570//967 571//967 565//967
f 574//968 571//968 569//968
f 572//969 571//969 573//969
f 569//970 571//970 570//970
f 575//971 576//971 561//971
f 574//972 576//972 573//972
f 561//973 576//973 569//973
f 569//974 576//974 574//974
f 572//975 577//975 575//975
f 575//976 577//976 576//976
f 573//977 577//977 572//977
f 576//978 577//978 573//978
f 572//979 575//979 578//979
f 578//980 575//980 579//980
f 579//981 575//981 580//981
f 580//982 581//982 582//982
f 582//983 581//983 583//983
f 583//984 581//984 584//984
f 575//985 581//985 580//985
f 581//986 585//986 584//986
f 586//987 587//987 588//987
f 588//988 587//988 589//988
f 589//989 587//989 590//989
f 591//990 592//990 587//990
f 593//991 594//991 595//991
f 594//992 596//992 595//992
f 595//993 596//993 597//993
f 597//994 598//994 599//994
f 599//995 598//995 600//995
f 596//996 598//996 597//996
f 600//997 601//997 602//997
f 598//998 601//998 600//998
f 601//999 603//999 602//999
f 603//1000 604//1000 602//1000
f 604//1001 605//1001 602//1001
f 584//1002 606//1002 607//1002
f 607//1003 606//1003 608//1003
f 608//1004 606//1004 609//1004
f 609//1005 606//1005 610//1005
f 610//1006 606//1006 611//1006
f 611//1007 606//1007 612//1007
f 612//1008 606//1008 586//1008
f 613//1009 606//1009 584//1009
f 586//1010 606//1010 587//1010
f 587//1011 606//1011 591//1011
f 614//1012 615//1012 616//1012
f 617//1013 615//1013 614//1013
f 616//1014 615//1014 613//1014
f 592//1015 615//1015 618//1015
f 619//1016 615//1016 617//1016
f 591//1017 615//1017 592//1017
f 618//1018 615//1018 619//1018
f 606//1019 615//1019 591//1019
f 613//1020 615//1020 606//1020
f 584//1021 620//1021 613//1021
f 585//1022 620//1022 584//1022
f 613//1023 621//1023 616//1023
f 620//1024 621//1024 613//1024
f 618//1025 622//1025 592//1025
f 623//1026 624//1026 625//1026
f 623//1027 626//1027 624//1027
f 627//1028 626//1028 623//1028
f 628//1029 629//1029 630//1029
f 631//1030 629//1030 632//1030
f 632//1031 629//1031 628//1031
f 627//1032 629//1032 626//1032
f 630//1033 629//1033 627//1033
f 597//1034 633//1034 595//1034
f 599//1035 633//1035 597//1035
f 634//1036 635//1036 636//1036
f 594//1037 635//1037 637//1037
f 630//1038 635//1038 628//1038
f 632//1039 635//1039 631//1039
f 628//1040 635//1040 632//1040
f 638//1041 635//1041 634//1041
f 631//1042 635//1042 639//1042
f 640//1043 635//1043 641//1043
f 636//1044 635//1044 593//1044
f 641//1045 635//1045 638//1045
f 593//1046 635//1046 594//1046
f 627//1047 635//1047 630//1047
f 639//1048 635//1048 640//1048
f 623//1049 635//1049 627//1049
f 625//1050 642//1050 623//1050
f 585//1051 642//1051 625//1051
f 581//1052 642//1052 585//1052
f 642//1053 643//1053 644//1053
f 645//1054 646//1054 647//1054
f 647//1055 646//1055 648//1055
f 645//1056 649//1056 646//1056
f 616//1057 650//1057 614//1057
f 614//1058 650//1058 617//1058
f 621//1059 650//1059 616//1059
f 618//1060 650//1060 622//1060
f 651//1061 650//1061 621//1061
f 617//1062 650//1062 619//1062
f 619//1063 650//1063 618//1063
f 620//1064 652//1064 621//1064
f 624//1065 652//1065 625//1065
f 625//1066 652//1066 585//1066
f 621//1067 652//1067 651//1067
f 629//1068 652//1068 626//1068
f 626//1069 652//1069 624//1069
f 651//1070 652//1070 629//1070
f 585//1071 652//1071 620//1071
f 653//1072 654//1072 655//1072
f 622//1073 654//1073 653//1073
f 650//1074 654//1074 622//1074
f 651//1075 654//1075 650//1075
f 636//1076 656//1076 634//1076
f 634//1077 656//1077 638//1077
f 639//1078 656//1078 631//1078
f 641//1079 656//1079 640//1079
f 638//1080 656//1080 641//1080
f 593//1081 656//1081 636//1081
f 595//1082 656//1082 593//1082
f 629//1083 656//1083 651//1083
f 631//1084 656//1084 629//1084
f 640//1085 656//1085 639//1085
f 654//1086 656//1086 633//1086
f 651//1087 656//1087 654//1087
f 633//1088 656//1088 595//1088
f 644//1089 657//1089 642//1089
f 642//1090 657//1090 623//1090
f 623//1091 657//1091 635//1091
f 599//1092 658//1092 633//1092
f 633//1093 658//1093 659//1093
f 600//1094 658//1094 599//1094
f 659//1095 658//1095 660//1095
f 602//1096 658//1096 600//1096
f 635//1097 661//1097 637//1097
f 657//1098 661//1098 635//1098
f 643//1099 661//1099 644//1099
f 662//1100 661//1100 643//1100
f 648//1101 661//1101 662//1101
f 663//1102 661//1102 649//1102
f 644//1103 661//1103 657//1103
f 646//1104 661//1104 648//1104
f 649//1105 661//1105 646//1105
f 664//1106 665//1106 666//1106
f 605//1107 665//1107 602//1107
f 667//1108 665//1108 605//1108
f 668//1109 665//1109 667//1109
f 666//1110 665//1110 668//1110
f 602//1111 665//1111 658//1111
f 669//1112 670//1112 581//1112
f 671//1113 670//1113 669//1113
f 672//1114 670//1114 671//1114
f 673//1115 670//1115 672//1115
f 674//1116 670//1116 673//1116
f 675//1117 670//1117 674//1117
f 647//1118 670//1118 675//1118
f 643//1119 670//1119 662//1119
f 662//1120 670//1120 648//1120
f 648//1121 670//1121 647//1121
f 642//1122 670//1122 643//1122
f 581//1123 670//1123 642//1123
f 594//1124 676//1124 596//1124
f 637//1125 676//1125 594//1125
f 596//1126 676//1126 598//1126
f 661//1127 676//1127 637//1127
f 663//1128 676//1128 661//1128
f 605//1129 677//1129 667//1129
f 667//1130 677//1130 668//1130
f 677//1131 678//1131 668//1131
f 668//1132 678//1132 666//1132
f 679//1133 680//1133 645//1133
f 681//1134 680//1134 679//1134
f 682//1135 680//1135 681//1135
f 683//1136 680//1136 682//1136
f 684//1137 680//1137 683//1137
f 645//1138 680//1138 649//1138
f 649//1139 680//1139 663//1139
f 685//1140 686//1140 687//1140
f 688//1141 686//1141 685//1141
f 689//1142 686//1142 688//1142
f 690//1143 686//1143 689//1143
f 691//1144 686//1144 690//1144
f 692//1145 686//1145 693//1145
f 693//1146 686//1146 691//1146
f 694//1147 695//1147 696//1147
f 696//1148 695//1148 697//1148
f 693//1149 695//1149 698//1149
f 699//1150 695//1150 691//1150
f 700//1151 695//1151 699//1151
f 701//1152 695//1152 700//1152
f 702//1153 695//1153 701//1153
f 703//1154 695//1154 702//1154
f 697//1155 695//1155 703//1155
f 698//1156 695//1156 704//1156
f 704//1157 695//1157 694//1157
f 691//1158 695//1158 693//1158
f 587//1159 705//1159 590//1159
f 592//1160 705//1160 587//1160
f 622//1161 706//1161 592//1161
f 653//1162 706//1162 622//1162
f 592//1163 706//1163 705//1163
f 655//1164 707//1164 653//1164
f 653//1165 707//1165 706//1165
f 706//1166 707//1166 708//1166
f 708//1167 707//1167 655//1167
f 696//1168 709//1168 664//1168
f 605//1169 710//1169 677//1169
f 711//1170 710//1170 676//1170
f 676//1171 710//1171 598//1171
f 598//1172 710//1172 601//1172
f 601//1173 710//1173 603//1173
f 603//1174 710//1174 604//1174
f 604//1175 710//1175 605//1175
f 676//1176 712//1176 711//1176
f 680//1177 712//1177 663//1177
f 663//1178 712//1178 676//1178
f 678//1179 713//1179 666//1179
f 666//1180 713//1180 664//1180
f 664//1181 713//1181 696//1181
f 710//1182 714//1182 677//1182
f 686//1183 714//1183 711//1183
f 692//1184 714//1184 686//1184
f 677//1185 714//1185 678//1185
f 678//1186 714//1186 692//1186
f 711//1187 714//1187 710//1187
f 678//1188 715//1188 713//1188
f 696//1189 715//1189 694//1189
f 698//1190 715//1190 693//1190
f 693//1191 715//1191 692//1191
f 692//1192 715//1192 678//1192
f 704//1193 715//1193 698//1193
f 713//1194 715//1194 696//1194
f 694//1195 715//1195 704//1195
f 711//1196 716//1196 686//1196
f 717//1197 716//1197 684//1197
f 687//1198 716//1198 717//1198
f 686//1199 716//1199 687//1199
f 684//1200 716//1200 680//1200
f 712//1201 716//1201 711//1201
f 680//1202 716//1202 712//1202
f 718//1203 719//1203 708//1203
f 708//1204 719//1204 706//1204
f 708//1205 720//1205 718//1205
f 718//1206 720//1206 660//1206
f 655//1207 720//1207 708//1207
f 665//1208 721//1208 658//1208
f 660//1209 721//1209 718//1209
f 709//1210 721//1210 664//1210
f 664//1211 721//1211 665//1211
f 658//1212 721//1212 660//1212
f 655//1213 722//1213 720//1213
f 654//1214 722//1214 655//1214
f 633//1215 722//1215 654//1215
f 633//1216 723//1216 722//1216
f 659//1217 723//1217 633//1217
f 660//1218 723//1218 659//1218
f 720//1219 723//1219 660//1219
f 722//1220 723//1220 720//1220
f 696//1221 724//1221 709//1221
f 721//1222 724//1222 718//1222
f 709//1223 724//1223 721//1223
f 719//1224 725//1224 706//1224
f 724//1225 726//1225 718//1225
f 696//1226 726//1226 724//1226
f 705//1227 727//1227 590//1227
f 706//1228 727//1228 705//1228
f 725//1229 727//1229 706//1229
f 718//1230 728//1230 719//1230
f 590//1231 728//1231 697//1231
f 697//1232 728//1232 696//1232
f 719//1233 728//1233 725//1233
f 726//1234 728//1234 718//1234
f 696//1235 728//1235 726//1235
f 725//1236 728//1236 727//1236
f 727//1237 728//1237 590//1237
f 729//1238 730//1238 731//1238
f 731//1239 730//1239 732//1239
f 590//1240 733//1240 734//1240
f 734//1241 733//1241 735//1241
f 735//1242 736//1242 737//1242
f 733//1243 736//1243 735//1243
f 732//1244 738//1244 731//1244
f 590//1245 738//1245 733//1245
f 733//1246 738//1246 736//1246
f 739//1247 740//1247 741//1247
f 741//1248 740//1248 742//1248
f 742//1249 740//1249 743//1249
f 743//1250 740//1250 744//1250
f 744//1251 740//1251 539//1251
f 539//1252 740//1252 541//1252
f 730//1253 740//1253 732//1253
f 541//1254 740//1254 730//1254
f 541//1255 745//1255 697//1255
f 730//1256 745//1256 541//1256
f 737//1257 746//1257 747//1257
f 747//1258 746//1258 748//1258
f 748//1259 746//1259 739//1259
f 736//1260 746//1260 737//1260
f 739//1261 746//1261 740//1261
f 732//1262 746//1262 738//1262
f 738//1263 746//1263 736//1263
f 740//1264 746//1264 732//1264
f 749//1265 750//1265 751//1265
f 731//1266 750//1266 729//1266
f 729//1267 750//1267 749//1267
f 750//1268 752//1268 751//1268
f 745//1269 753//1269 697//1269
f 730//1270 753//1270 745//1270
f 731//1271 754//1271 750//1271
f 750//1272 754//1272 752//1272
f 753//1273 755//1273 697//1273
f 730//1274 755//1274 753//1274
f 731//1275 756//1275 754//1275
f 754//1276 756//1276 752//1276
f 730//1277 757//1277 755//1277
f 755//1278 757//1278 697//1278
f 731//1279 758//1279 756//1279
f 751//1280 759//1280 749//1280
f 749//1281 759//1281 729//1281
f 730//1282 759//1282 757//1282
f 729//1283 759//1283 730//1283
f 752//1284 759//1284 751//1284
f 757//1285 759//1285 697//1285
f 756//1286 759//1286 752//1286
f 758//1287 759//1287 756//1287
f 697//1288 760//1288 590//1288
f 738//1289 760//1289 731//1289
f 590//1290 760//1290 738//1290
f 731//1291 760//1291 758//1291
f 759//1292 760//1292 697//1292
f 758//1293 760//1293 759//1293
f 311//1294 761//1294 762//1294
f 311//1295 762//1295 312//1295
f 310//1296 761//1296 311//1296
f 763//1297 764//1297 765//1297
f 763//1298 765//1298 766//1298
f 763//1299 766//1299 767//1299
f 763//1300 767//1300 768//1300
f 763//1301 768//1301 769//1301
f 763//1302 769//1302 770//1302
f 763//1303 770//1303 771//1303
f 763//1304 771//1304 772//1304
f 309//1305 773//1305 761//1305
f 309//1306 761//1306 310//1306
f 308//1307 773//1307 309//1307
f 308//1308 774//1308 773//1308
f 307//1309 774//1309 308//1309
f 307//1310 775//1310 774//1310
f 306//1311 775//1311 307//1311
f 306//1312 776//1312 775//1312
f 305//1313 777//1313 778//1313
f 305//1314 778//1314 776//1314
f 305//1315 776//1315 306//1315
f 304//1316 777//1316 305//1316
f 303//1317 777//1317 304//1317
f 303//1318 779//1318 777//1318
f 302//1319 780//1319 781//1319
f 302//1320 781//1320 779//1320
f 302//1321 779//1321 303//1321
f 301//1322 780//1322 302//1322
f 300//1323 780//1323 301//1323
f 300//1324 782//1324 780//1324
f 299//1325 782//1325 300//1325
f 299//1326 783//1326 782//1326
f 298//1327 784//1327 785//1327
f 298//1328 785//1328 783//1328
f 298//1329 783//1329 299//1329
f 297//1330 786//1330 784//1330
f 297//1331 784//1331 298//1331
f 296//1332 786//1332 297//1332
f 295//1333 787//1333 788//1333
f 295//1334 788//1334 786//1334
f 295//1335 786//1335 296//1335
f 294//1336 787//1336 295//1336
f 293//1337 772//1337 789//1337
f 293//1338 789//1338 787//1338
f 293//1339 787//1339 294//1339
f 292//1340 772//1340 293//1340
f 371//1341 763//1341 772//1341
f 371//1342 285//1342 284//1342
f 371//1343 286//1343 285//1343
f 371//1344 287//1344 286//1344
f 371//1345 288//1345 287//1345
f 371//1346 289//1346 288//1346
f 371//1347 290//1347 289//1347
f 371//1348 291//1348 290//1348
f 371//1349 292//1349 291//1349
f 371//1350 772//1350 292//1350
f 372//1351 790//1351 763//1351
f 372//1352 763//1352 371//1352
f 791//1353 792//1353 793//1353
f 374//1354 794//1354 790//1354
f 374//1355 790//1355 372//1355
f 795//1356 791//1356 793//1356
f 542//1357 795//1357 793//1357
f 376//1358 793//1358 794//1358
f 376//1359 542//1359 793//1359
f 376//1360 794//1360 374//1360
f 538//1361 542//1361 376//1361
f 386//1362 538//1362 376//1362
f 378//1363 386//1363 376//1363
f 764//1364 369//1364 765//1364
f 765//1365 367//1365 766//1365
f 369//1366 367//1366 765//1366
f 766//1367 365//1367 767//1367
f 367//1368 365//1368 766//1368
f 767//1369 363//1369 768//1369
f 365//1370 363//1370 767//1370
f 768//1371 361//1371 769//1371
f 363//1372 361//1372 768//1372
f 769//1373 359//1373 770//1373
f 361//1374 359//1374 769//1374
f 770//1375 357//1375 771//1375
f 359//1376 357//1376 770//1376
f 771//1377 355//1377 772//1377
f 357//1378 355//1378 771//1378
f 772//1379 353//1379 789//1379
f 355//1380 353//1380 772//1380
f 789//1381 351//1381 787//1381
f 353//1382 351//1382 789//1382
f 787//1383 349//1383 788//1383
f 351//1384 349//1384 787//1384
f 349//1385 347//1385 788//1385
f 788//1386 347//1386 786//1386
f 786//1387 345//1387 784//1387
f 347//1388 345//1388 786//1388
f 784//1389 343//1389 785//1389
f 345//1390 343//1390 784//1390
f 785//1391 340//1391 783//1391
f 343//1392 340//1392 785//1392
f 783//1393 338//1393 782//1393
f 340//1394 338//1394 783//1394
f 782//1395 336//1395 780//1395
f 338//1396 336//1396 782//1396
f 336//1397 334//1397 780//1397
f 780//1398 332//1398 781//1398
f 334//1399 332//1399 780//1399
f 781//1400 330//1400 779//1400
f 332//1401 330//1401 781//1401
f 779//1402 328//1402 777//1402
f 777//1403 328//1403 778//1403
f 330//1404 328//1404 779//1404
f 328//1405 326//1405 778//1405
f 778//1406 324//1406 776//1406
f 326//1407 324//1407 778//1407
f 776//1408 322//1408 775//1408
f 324//1409 322//1409 776//1409
f 775//1410 320//1410 774//1410
f 322//1411 320//1411 775//1411
f 774//1412 318//1412 773//1412
f 320//1413 318//1413 774//1413
f 773//1414 316//1414 761//1414
f 318//1415 316//1415 773//1415
f 761//1416 314//1416 762//1416
f 762//1417 314//1417 312//1417
f 316//1418 314//1418 761//1418
f 314//1419 1//1419 312//1419
f 542//1420 541//1420 795//1420
f 283//1421 541//1421 542//1421
f 545//1422 549//1422 763//1422
f 763//1423 548//1423 764//1423
f 549//1424 548//1424 763//1424
f 548//1425 547//1425 764//1425
f 547//1426 546//1426 764//1426
f 546//1427 369//1427 764//1427
f 790//1428 545//1428 763//1428
f 554//1429 545//1429 790//1429
f 794//1430 796//1430 790//1430
f 790//1431 796//1431 554//1431
f 554//1432 796//1432 561//1432
f 561//1433 796//1433 794//1433
f 793//1434 797//1434 794//1434
f 794//1435 797//1435 561//1435
f 561//1436 797//1436 575//1436
f 575//1437 797//1437 793//1437
f 792//1438 798//1438 793//1438
f 799//1439 798//1439 792//1439
f 800//1440 798//1440 799//1440
f 575//1441 801//1441 581//1441
f 581//1442 801//1442 802//1442
f 802//1443 801//1443 800//1443
f 581//1444 803//1444 792//1444
f 792//1445 803//1445 799//1445
f 802//1446 803//1446 581//1446
f 799//1447 803//1447 800//1447
f 800//1448 803//1448 802//1448
f 793//1449 804//1449 575//1449
f 575//1450 804//1450 801//1450
f 800//1451 804//1451 798//1451
f 798//1452 804//1452 793//1452
f 801//1453 804//1453 800//1453
f 697//1454 805//1454 791//1454
f 806//1455 807//1455 808//1455
f 808//1456 807//1456 809//1456
f 810//1457 807//1457 811//1457
f 809//1458 807//1458 812//1458
f 811//1459 807//1459 806//1459
f 681//1460 813//1460 682//1460
f 675//1461 814//1461 647//1461
f 805//1462 815//1462 791//1462
f 808//1463 816//1463 806//1463
f 810//1464 816//1464 817//1464
f 817//1465 816//1465 818//1465
f 809//1466 816//1466 808//1466
f 811//1467 816//1467 810//1467
f 805//1468 816//1468 815//1468
f 812//1469 816//1469 809//1469
f 806//1470 816//1470 811//1470
f 818//1471 816//1471 805//1471
f 812//1472 819//1472 816//1472
f 812//1473 820//1473 819//1473
f 821//1474 822//1474 823//1474
f 812//1475 822//1475 820//1475
f 820//1476 822//1476 821//1476
f 824//1477 825//1477 826//1477
f 826//1478 825//1478 807//1478
f 827//1479 825//1479 824//1479
f 828//1480 825//1480 829//1480
f 830//1481 825//1481 828//1481
f 829//1482 825//1482 827//1482
f 807//1483 825//1483 812//1483
f 812//1484 825//1484 822//1484
f 817//1485 831//1485 810//1485
f 818//1486 831//1486 817//1486
f 810//1487 831//1487 807//1487
f 805//1488 831//1488 818//1488
f 830//1489 832//1489 833//1489
f 833//1490 832//1490 834//1490
f 834//1491 832//1491 835//1491
f 832//1492 836//1492 835//1492
f 837//1493 836//1493 832//1493
f 836//1494 838//1494 835//1494
f 837//1495 838//1495 836//1495
f 837//1496 839//1496 838//1496
f 838//1497 839//1497 835//1497
f 837//1498 840//1498 839//1498
f 839//1499 840//1499 835//1499
f 837//1500 841//1500 840//1500
f 840//1501 841//1501 835//1501
f 837//1502 842//1502 841//1502
f 841//1503 842//1503 835//1503
f 842//1504 843//1504 835//1504
f 837//1505 843//1505 842//1505
f 837//1506 844//1506 843//1506
f 843//1507 844//1507 835//1507
f 837//1508 845//1508 844//1508
f 846//1509 847//1509 837//1509
f 837//1510 847//1510 845//1510
f 832//1511 848//1511 837//1511
f 849//1512 848//1512 850//1512
f 851//1513 848//1513 849//1513
f 813//1514 848//1514 851//1514
f 852//1515 848//1515 853//1515
f 850//1516 848//1516 854//1516
f 854//1517 848//1517 852//1517
f 691//1518 855//1518 699//1518
f 691//1519 856//1519 855//1519
f 690//1520 857//1520 691//1520
f 691//1521 857//1521 856//1521
f 690//1522 858//1522 857//1522
f 689//1523 859//1523 690//1523
f 690//1524 859//1524 858//1524
f 689//1525 860//1525 859//1525
f 853//1526 860//1526 852//1526
f 861//1527 862//1527 863//1527
f 647//1528 864//1528 645//1528
f 645//1529 864//1529 679//1529
f 679//1530 864//1530 681//1530
f 813//1531 864//1531 848//1531
f 681//1532 864//1532 813//1532
f 814//1533 864//1533 647//1533
f 581//1534 865//1534 669//1534
f 669//1535 865//1535 671//1535
f 671//1536 865//1536 672//1536
f 672//1537 865//1537 673//1537
f 673//1538 865//1538 674//1538
f 674//1539 865//1539 675//1539
f 675//1540 865//1540 814//1540
f 814//1541 865//1541 866//1541
f 866//1542 865//1542 867//1542
f 867//1543 865//1543 868//1543
f 868//1544 865//1544 869//1544
f 816//1545 870//1545 815//1545
f 815//1546 870//1546 871//1546
f 871//1547 870//1547 872//1547
f 872//1548 870//1548 821//1548
f 819//1549 870//1549 816//1549
f 820//1550 870//1550 819//1550
f 821//1551 870//1551 820//1551
f 872//1552 873//1552 874//1552
f 875//1553 876//1553 823//1553
f 826//1554 877//1554 824//1554
f 807//1555 877//1555 826//1555
f 824//1556 877//1556 827//1556
f 829//1557 877//1557 828//1557
f 828//1558 877//1558 830//1558
f 827//1559 877//1559 829//1559
f 830//1560 877//1560 832//1560
f 831//1561 877//1561 807//1561
f 875//1562 878//1562 879//1562
f 832//1563 880//1563 848//1563
f 848//1564 880//1564 853//1564
f 877//1565 880//1565 832//1565
f 831//1566 880//1566 877//1566
f 805//1567 881//1567 831//1567
f 697//1568 881//1568 805//1568
f 844//1569 882//1569 835//1569
f 845//1570 882//1570 844//1570
f 847//1571 882//1571 845//1571
f 883//1572 882//1572 884//1572
f 884//1573 885//1573 883//1573
f 883//1574 885//1574 886//1574
f 846//1575 887//1575 847//1575
f 882//1576 887//1576 884//1576
f 888//1577 887//1577 846//1577
f 861//1578 887//1578 888//1578
f 847//1579 887//1579 882//1579
f 699//1580 889//1580 700//1580
f 700//1581 889//1581 701//1581
f 701//1582 889//1582 702//1582
f 702//1583 889//1583 703//1583
f 703//1584 889//1584 697//1584
f 697//1585 889//1585 881//1585
f 881//1586 889//1586 855//1586
f 855//1587 889//1587 699//1587
f 848//1588 890//1588 837//1588
f 862//1589 890//1589 814//1589
f 861//1590 890//1590 862//1590
f 814//1591 890//1591 864//1591
f 864//1592 890//1592 848//1592
f 837//1593 890//1593 846//1593
f 846//1594 890//1594 888//1594
f 888//1595 890//1595 861//1595
f 682//1596 891//1596 683//1596
f 683//1597 891//1597 684//1597
f 684//1598 891//1598 717//1598
f 717//1599 891//1599 687//1599
f 687//1600 891//1600 685//1600
f 685//1601 891//1601 688//1601
f 688//1602 891//1602 689//1602
f 850//1603 891//1603 849//1603
f 849//1604 891//1604 851//1604
f 813//1605 891//1605 682//1605
f 851//1606 891//1606 813//1606
f 689//1607 891//1607 860//1607
f 860//1608 891//1608 852//1608
f 854//1609 891//1609 850//1609
f 852//1610 891//1610 854//1610
f 581//1611 892//1611 865//1611
f 865//1612 892//1612 869//1612
f 872//1613 893//1613 871//1613
f 874//1614 893//1614 872//1614
f 874//1615 894//1615 893//1615
f 873//1616 894//1616 874//1616
f 893//1617 894//1617 792//1617
f 823//1618 895//1618 821//1618
f 821//1619 895//1619 872//1619
f 872//1620 895//1620 896//1620
f 876//1621 895//1621 823//1621
f 895//1622 897//1622 896//1622
f 876//1623 897//1623 895//1623
f 896//1624 897//1624 898//1624
f 876//1625 899//1625 897//1625
f 875//1626 900//1626 878//1626
f 883//1627 900//1627 822//1627
f 823//1628 900//1628 875//1628
f 822//1629 900//1629 823//1629
f 878//1630 900//1630 886//1630
f 886//1631 900//1631 883//1631
f 883//1632 901//1632 882//1632
f 830//1633 901//1633 825//1633
f 833//1634 901//1634 830//1634
f 834//1635 901//1635 833//1635
f 882//1636 901//1636 835//1636
f 835//1637 901//1637 834//1637
f 822//1638 901//1638 883//1638
f 825//1639 901//1639 822//1639
f 881//1640 902//1640 831//1640
f 880//1641 902//1641 853//1641
f 831//1642 902//1642 880//1642
f 856//1643 903//1643 855//1643
f 855//1644 903//1644 881//1644
f 857//1645 903//1645 856//1645
f 902//1646 903//1646 853//1646
f 853//1647 903//1647 860//1647
f 858//1648 903//1648 857//1648
f 859//1649 903//1649 858//1649
f 860//1650 903//1650 859//1650
f 881//1651 903//1651 902//1651
f 885//1652 904//1652 905//1652
f 884//1653 904//1653 885//1653
f 887//1654 906//1654 884//1654
f 861//1655 906//1655 887//1655
f 863//1656 906//1656 861//1656
f 884//1657 907//1657 904//1657
f 906//1658 907//1658 884//1658
f 863//1659 907//1659 906//1659
f 863//1660 908//1660 907//1660
f 814//1661 909//1661 862//1661
f 892//1662 909//1662 869//1662
f 866//1663 909//1663 814//1663
f 862//1664 909//1664 863//1664
f 867//1665 909//1665 866//1665
f 868//1666 909//1666 867//1666
f 863//1667 909//1667 908//1667
f 869//1668 909//1668 868//1668
f 815//1669 910//1669 791//1669
f 871//1670 910//1670 815//1670
f 873//1671 911//1671 894//1671
f 898//1672 912//1672 896//1672
f 872//1673 912//1673 873//1673
f 873//1674 912//1674 911//1674
f 896//1675 912//1675 872//1675
f 899//1676 913//1676 897//1676
f 876//1677 914//1677 899//1677
f 879//1678 914//1678 875//1678
f 875//1679 914//1679 876//1679
f 899//1680 914//1680 913//1680
f 879//1681 915//1681 916//1681
f 878//1682 915//1682 879//1682
f 885//1683 917//1683 886//1683
f 905//1684 917//1684 885//1684
f 878//1685 917//1685 915//1685
f 886//1686 917//1686 878//1686
f 905//1687 918//1687 917//1687
f 791//1688 919//1688 792//1688
f 893//1689 919//1689 871//1689
f 871//1690 919//1690 910//1690
f 910//1691 919//1691 791//1691
f 792//1692 919//1692 893//1692
f 911//1693 920//1693 894//1693
f 894//1694 920//1694 792//1694
f 898//1695 921//1695 912//1695
f 897//1696 922//1696 898//1696
f 913//1697 922//1697 897//1697
f 898//1698 922//1698 921//1698
f 913//1699 923//1699 922//1699
f 918//1700 924//1700 917//1700
f 904//1701 925//1701 905//1701
f 907//1702 925//1702 904//1702
f 918//1703 925//1703 924//1703
f 905//1704 925//1704 918//1704
f 909//1705 926//1705 908//1705
f 908//1706 926//1706 907//1706
f 911//1707 927//1707 920//1707
f 921//1708 928//1708 912//1708
f 911//1709 928//1709 927//1709
f 912//1710 928//1710 911//1710
f 923//1711 929//1711 922//1711
f 913//1712 930//1712 923//1712
f 923//1713 930//1713 929//1713
f 914//1714 930//1714 913//1714
f 879//1715 930//1715 914//1715
f 916//1716 930//1716 879//1716
f 915//1717 931//1717 916//1717
f 917//1718 931//1718 915//1718
f 917//1719 932//1719 931//1719
f 916//1720 932//1720 933//1720
f 931//1721 932//1721 916//1721
f 924//1722 934//1722 917//1722
f 927//1723 935//1723 920//1723
f 920//1724 935//1724 792//1724
f 922//1725 936//1725 921//1725
f 921//1726 936//1726 937//1726
f 929//1727 936//1727 922//1727
f 929//1728 938//1728 936//1728
f 934//1729 939//1729 917//1729
f 924//1730 940//1730 934//1730
f 925//1731 940//1731 924//1731
f 907//1732 940//1732 925//1732
f 934//1733 940//1733 939//1733
f 909//1734 941//1734 926//1734
f 926//1735 941//1735 907//1735
f 927//1736 942//1736 935//1736
f 921//1737 943//1737 928//1737
f 928//1738 943//1738 927//1738
f 937//1739 943//1739 921//1739
f 927//1740 943//1740 942//1740
f 938//1741 944//1741 936//1741
f 916//1742 945//1742 930//1742
f 933//1743 945//1743 916//1743
f 929//1744 945//1744 938//1744
f 930//1745 945//1745 929//1745
f 938//1746 945//1746 944//1746
f 933//1747 946//1747 945//1747
f 917//1748 947//1748 932//1748
f 932//1749 947//1749 933//1749
f 917//1750 948//1750 947//1750
f 933//1751 948//1751 946//1751
f 947//1752 948//1752 933//1752
f 939//1753 949//1753 917//1753
f 935//1754 950//1754 792//1754
f 942//1755 950//1755 935//1755
f 937//1756 951//1756 943//1756
f 943//1757 951//1757 942//1757
f 950//1758 951//1758 792//1758
f 942//1759 951//1759 950//1759
f 936//1760 952//1760 937//1760
f 944//1761 952//1761 936//1761
f 937//1762 952//1762 951//1762
f 951//1763 952//1763 946//1763
f 945//1764 953//1764 944//1764
f 946//1765 953//1765 945//1765
f 944//1766 953//1766 952//1766
f 952//1767 953//1767 946//1767
f 949//1768 954//1768 917//1768
f 948//1769 954//1769 946//1769
f 917//1770 954//1770 948//1770
f 949//1771 955//1771 954//1771
f 907//1772 955//1772 940//1772
f 940//1773 955//1773 939//1773
f 939//1774 955//1774 949//1774
f 907//1775 956//1775 955//1775
f 792//1776 956//1776 581//1776
f 951//1777 956//1777 792//1777
f 941//1778 956//1778 907//1778
f 909//1779 956//1779 941//1779
f 946//1780 956//1780 951//1780
f 892//1781 956//1781 909//1781
f 581//1782 956//1782 892//1782
f 955//1783 956//1783 954//1783
f 954//1784 956//1784 946//1784
f 795//1785 697//1785 791//1785
f 541//1786 697//1786 795//1786
f 313//1787 3//1787 2//1787
f 313//1788 5//1788 3//1788
f 315//1789 5//1789 313//1789
f 317//1790 7//1790 5//1790
f 317//1791 5//1791 315//1791
f 319//1792 9//1792 7//1792
f 319//1793 7//1793 317//1793
f 321//1794 11//1794 9//1794
f 321//1795 9//1795 319//1795
f 323//1796 13//1796 11//1796
f 323//1797 11//1797 321//1797
f 325//1798 15//1798 13//1798
f 325//1799 13//1799 323//1799
f 327//1800 17//1800 15//1800
f 327//1801 15//1801 325//1801
f 329//1802 17//1802 327//1802
f 329//1803 19//1803 17//1803
f 331//1804 21//1804 19//1804
f 331//1805 19//1805 329//1805
f 333//1806 21//1806 331//1806
f 333//1807 23//1807 21//1807
f 335//1808 25//1808 23//1808
f 335//1809 23//1809 333//1809
f 337//1810 27//1810 25//1810
f 337//1811 29//1811 27//1811
f 337//1812 25//1812 335//1812
f 339//1813 29//1813 337//1813
f 341//1814 31//1814 29//1814
f 341//1815 32//1815 31//1815
f 341//1816 29//1816 339//1816
f 342//1817 32//1817 341//1817
f 344//1818 34//1818 32//1818
f 344//1819 32//1819 342//1819
f 346//1820 36//1820 34//1820
f 346//1821 38//1821 36//1821
f 346//1822 34//1822 344//1822
f 348//1823 38//1823 346//1823
f 350//1824 40//1824 38//1824
f 350//1825 38//1825 348//1825
f 352//1826 42//1826 40//1826
f 352//1827 40//1827 350//1827
f 354//1828 44//1828 42//1828
f 354//1829 42//1829 352//1829
f 356//1830 46//1830 44//1830
f 356//1831 48//1831 46//1831
f 356//1832 44//1832 354//1832
f 358//1833 48//1833 356//1833
f 360//1834 50//1834 48//1834
f 360//1835 48//1835 358//1835
f 362//1836 52//1836 50//1836
f 362//1837 54//1837 52//1837
f 362//1838 50//1838 360//1838
f 364//1839 56//1839 54//1839
f 364//1840 54//1840 362//1840
f 366//1841 56//1841 364//1841
f 368//1842 58//1842 56//1842
f 368//1843 56//1843 366//1843
f 370//1844 60//1844 58//1844
f 370//1845 58//1845 368//1845
f 544//1846 62//1846 60//1846
f 544//1847 60//1847 370//1847
f 98//1848 97//1848 96//1848
f 101//1849 100//1849 98//1849
f 551//1850 83//1850 69//1850
f 551//1851 69//1851 62//1851
f 551//1852 62//1852 544//1852
f 102//1853 101//1853 98//1853
f 125//1854 98//1854 96//1854
f 125//1855 102//1855 98//1855
f 127//1856 126//1856 125//1856
f 127//1857 96//1857 90//1857
f 127//1858 125//1858 96//1858
f 565//1859 83//1859 551//1859
f 129//1860 128//1860 127//1860
f 106//1861 130//1861 129//1861
f 106//1862 105//1862 130//1862
f 106//1863 127//1863 90//1863
f 106//1864 129//1864 127//1864
f 252//1865 108//1865 107//1865
f 253//1866 252//1866 107//1866
f 255//1867 107//1867 106//1867
f 255//1868 106//1868 90//1868
f 255//1869 253//1869 107//1869
f 268//1870 255//1870 90//1870
f 268//1871 267//1871 255//1871
f 258//1872 268//1872 90//1872
f 260//1873 258//1873 90//1873
f 260//1874 259//1874 258//1874
f 262//1875 261//1875 260//1875
f 263//1876 260//1876 90//1876
f 263//1877 262//1877 260//1877
f 282//1878 263//1878 90//1878
f 572//1879 282//1879 90//1879
f 572//1880 90//1880 83//1880
f 572//1881 83//1881 565//1881
f 539//1882 282//1882 572//1882
f 579//1883 572//1883 578//1883
f 743//1884 744//1884 539//1884
f 582//1885 579//1885 580//1885
f 742//1886 539//1886 572//1886
f 742//1887 572//1887 579//1887
f 742//1888 579//1888 582//1888
f 742//1889 743//1889 539//1889
f 584//1890 742//1890 582//1890
f 584//1891 582//1891 583//1891
f 584//1892 741//1892 742//1892
f 739//1893 741//1893 584//1893
f 608//1894 584//1894 607//1894
f 609//1895 739//1895 584//1895
f 609//1896 584//1896 608//1896
f 737//1897 747//1897 748//1897
f 737//1898 748//1898 739//1898
f 734//1899 735//1899 737//1899
f 612//1900 609//1900 610//1900
f 612//1901 610//1901 611//1901
f 590//1902 737//1902 739//1902
f 590//1903 734//1903 737//1903
f 589//1904 590//1904 739//1904
f 588//1905 739//1905 609//1905
f 588//1906 609//1906 612//1906
f 588//1907 589//1907 739//1907
f 588//1908 612//1908 586//1908
